[{"pk": 4, "model": "contenttypes.contenttype", "fields": {"model": "contenttype", "name": "content type", "app_label": "contenttypes"}}, {"pk": 13, "model": "contenttypes.contenttype", "fields": {"model": "edition", "name": "edition", "app_label": "people"}}, {"pk": 2, "model": "contenttypes.contenttype", "fields": {"model": "group", "name": "group", "app_label": "auth"}}, {"pk": 10, "model": "contenttypes.contenttype", "fields": {"model": "link", "name": "link", "app_label": "people"}}, {"pk": 7, "model": "contenttypes.contenttype", "fields": {"model": "logentry", "name": "log entry", "app_label": "admin"}}, {"pk": 8, "model": "contenttypes.contenttype", "fields": {"model": "migrationhistory", "name": "migration history", "app_label": "south"}}, {"pk": 11, "model": "contenttypes.contenttype", "fields": {"model": "organization", "name": "organization", "app_label": "people"}}, {"pk": 1, "model": "contenttypes.contenttype", "fields": {"model": "permission", "name": "permission", "app_label": "auth"}}, {"pk": 9, "model": "contenttypes.contenttype", "fields": {"model": "person", "name": "person", "app_label": "people"}}, {"pk": 15, "model": "contenttypes.contenttype", "fields": {"model": "personrole", "name": "person role", "app_label": "people"}}, {"pk": 12, "model": "contenttypes.contenttype", "fields": {"model": "project", "name": "project", "app_label": "people"}}, {"pk": 14, "model": "contenttypes.contenttype", "fields": {"model": "role", "name": "role", "app_label": "people"}}, {"pk": 5, "model": "contenttypes.contenttype", "fields": {"model": "session", "name": "session", "app_label": "sessions"}}, {"pk": 6, "model": "contenttypes.contenttype", "fields": {"model": "site", "name": "site", "app_label": "sites"}}, {"pk": 3, "model": "contenttypes.contenttype", "fields": {"model": "user", "name": "user", "app_label": "auth"}}, {"pk": "1c7b4170ac0e475361aaeb05da871e9d", "model": "sessions.session", "fields": {"expire_date": "2013-09-30T11:32:51.348", "session_data": "MDc3MTlkZjIxNDQ0ZWQ2Yjc2MTBkM2E1Y2FhNmRlYTAwMTU3NmNkMjqAAn1xAShVEl9hdXRoX3Vz\nZXJfYmFja2VuZHECVSlkamFuZ28uY29udHJpYi5hdXRoLmJhY2tlbmRzLk1vZGVsQmFja2VuZHED\nVQ1fYXV0aF91c2VyX2lkcQRLAXUu\n"}}, {"pk": "135666a707f11bfa148314c08f9287b8", "model": "sessions.session", "fields": {"expire_date": "2013-09-30T14:00:29.287", "session_data": "ZWNlMDcxNmU2YjM2YjJlNTkxMmJjMzdlYThjZmJlODJjNWE1ODQyYjqAAn1xAVUKdGVzdGNvb2tp\nZXECVQZ3b3JrZWRxA3Mu\n"}}, {"pk": "61dc9f3634082bd97e81ae67ab1cbf4b", "model": "sessions.session", "fields": {"expire_date": "2013-09-30T15:35:41.421", "session_data": "ZWNlMDcxNmU2YjM2YjJlNTkxMmJjMzdlYThjZmJlODJjNWE1ODQyYjqAAn1xAVUKdGVzdGNvb2tp\nZXECVQZ3b3JrZWRxA3Mu\n"}}, {"pk": "46e6169276be505fc1eb8664daf13aa9", "model": "sessions.session", "fields": {"expire_date": "2013-09-30T18:37:27.533", "session_data": "ZWNlMDcxNmU2YjM2YjJlNTkxMmJjMzdlYThjZmJlODJjNWE1ODQyYjqAAn1xAVUKdGVzdGNvb2tp\nZXECVQZ3b3JrZWRxA3Mu\n"}}, {"pk": "cfaa3599de2576dead8ecde0cfcbfe25", "model": "sessions.session", "fields": {"expire_date": "2013-10-01T07:12:07.098", "session_data": "ZWNlMDcxNmU2YjM2YjJlNTkxMmJjMzdlYThjZmJlODJjNWE1ODQyYjqAAn1xAVUKdGVzdGNvb2tp\nZXECVQZ3b3JrZWRxA3Mu\n"}}, {"pk": "a703357f38900d68ac7fd37bcb9d0678", "model": "sessions.session", "fields": {"expire_date": "2013-09-30T18:47:54.978", "session_data": "MzM2Yjg2OWI0ZGJjM2E1YzNmMjk3MDllNDNhY2ZkMjBiMjY5ZGQwMjqAAn1xAShVEl9hdXRoX3Vz\nZXJfYmFja2VuZHECVSlkamFuZ28uY29udHJpYi5hdXRoLmJhY2tlbmRzLk1vZGVsQmFja2VuZHED\nVQ1fYXV0aF91c2VyX2lkcQRLA3Uu\n"}}, {"pk": "0375eedaa97fa9e28d82cf82cb274072", "model": "sessions.session", "fields": {"expire_date": "2013-10-02T16:04:49.325", "session_data": "ZWNlMDcxNmU2YjM2YjJlNTkxMmJjMzdlYThjZmJlODJjNWE1ODQyYjqAAn1xAVUKdGVzdGNvb2tp\nZXECVQZ3b3JrZWRxA3Mu\n"}}, {"pk": "beee67b9c97b956067ae4f46a3550b83", "model": "sessions.session", "fields": {"expire_date": "2013-10-02T05:46:52.867", "session_data": "ZWNlMDcxNmU2YjM2YjJlNTkxMmJjMzdlYThjZmJlODJjNWE1ODQyYjqAAn1xAVUKdGVzdGNvb2tp\nZXECVQZ3b3JrZWRxA3Mu\n"}}, {"pk": "6dc6e22b5d6724d7763eea6984da42ee", "model": "sessions.session", "fields": {"expire_date": "2013-09-30T21:53:31.150", "session_data": "NzZhMzA0NGM2NDQ5NWQ1NjZkMGUxM2QxN2YwYzFkYTU0N2YwMDk0YjqAAn1xAShVEl9hdXRoX3Vz\nZXJfYmFja2VuZHECVSlkamFuZ28uY29udHJpYi5hdXRoLmJhY2tlbmRzLk1vZGVsQmFja2VuZHED\nVQ1fYXV0aF91c2VyX2lkcQRLDHUu\n"}}, {"pk": "50540f7d5b29c8c9e3a311127efe1a8c", "model": "sessions.session", "fields": {"expire_date": "2013-09-30T22:19:54.103", "session_data": "NGUxZGI4ODljYjNhODIwZGU3YzI2ZTNhYzM0OWMwN2FlMzc3ZDdkYTqAAn1xAShVEl9hdXRoX3Vz\nZXJfYmFja2VuZHECVSlkamFuZ28uY29udHJpYi5hdXRoLmJhY2tlbmRzLk1vZGVsQmFja2VuZHED\nVQ1fYXV0aF91c2VyX2lkcQRLEXUu\n"}}, {"pk": "e2c87e99f71f931c5cd1ee96b3c197c9", "model": "sessions.session", "fields": {"expire_date": "2013-09-30T23:24:12.128", "session_data": "NDY0Yjg1YjhhMzY1NjFhMjI0MjUwMjY2ZTMyNjhlOTc4Yjg4YjQwODqAAn1xAShVEl9hdXRoX3Vz\nZXJfYmFja2VuZHECVSlkamFuZ28uY29udHJpYi5hdXRoLmJhY2tlbmRzLk1vZGVsQmFja2VuZHED\nVQ1fYXV0aF91c2VyX2lkcQRLCHUu\n"}}, {"pk": "058c53b7113db864f82da96cc00f603f", "model": "sessions.session", "fields": {"expire_date": "2013-10-01T00:02:48.601", "session_data": "NmQ4YzFkMGIxNmQ0OTYwNGY5NWIyMTFmNjViNmYxZDA2OWVjOTYwMjqAAn1xAShVEl9hdXRoX3Vz\nZXJfYmFja2VuZHECVSlkamFuZ28uY29udHJpYi5hdXRoLmJhY2tlbmRzLk1vZGVsQmFja2VuZHED\nVQ1fYXV0aF91c2VyX2lkcQRLFXUu\n"}}, {"pk": "ef7380bf793218c1d7c9e7cb3526859a", "model": "sessions.session", "fields": {"expire_date": "2013-10-01T00:06:42.147", "session_data": "ZWNlMDcxNmU2YjM2YjJlNTkxMmJjMzdlYThjZmJlODJjNWE1ODQyYjqAAn1xAVUKdGVzdGNvb2tp\nZXECVQZ3b3JrZWRxA3Mu\n"}}, {"pk": "d5d4ee2187ccbbfed1eb74e9ca36f5dc", "model": "sessions.session", "fields": {"expire_date": "2013-10-01T00:17:37.293", "session_data": "ZWNlMDcxNmU2YjM2YjJlNTkxMmJjMzdlYThjZmJlODJjNWE1ODQyYjqAAn1xAVUKdGVzdGNvb2tp\nZXECVQZ3b3JrZWRxA3Mu\n"}}, {"pk": "8f47c92b81446dac8a1fbbecc97e251b", "model": "sessions.session", "fields": {"expire_date": "2013-10-01T09:56:14.211", "session_data": "ZWNlMDcxNmU2YjM2YjJlNTkxMmJjMzdlYThjZmJlODJjNWE1ODQyYjqAAn1xAVUKdGVzdGNvb2tp\nZXECVQZ3b3JrZWRxA3Mu\n"}}, {"pk": "23f11fc7c8dd7c65472d26aa67b64d84", "model": "sessions.session", "fields": {"expire_date": "2013-10-01T10:01:18.096", "session_data": "ZWNlMDcxNmU2YjM2YjJlNTkxMmJjMzdlYThjZmJlODJjNWE1ODQyYjqAAn1xAVUKdGVzdGNvb2tp\nZXECVQZ3b3JrZWRxA3Mu\n"}}, {"pk": "01b53fe59150d6c84223abcf37b02914", "model": "sessions.session", "fields": {"expire_date": "2013-10-01T02:43:57.667", "session_data": "ZWNlMDcxNmU2YjM2YjJlNTkxMmJjMzdlYThjZmJlODJjNWE1ODQyYjqAAn1xAVUKdGVzdGNvb2tp\nZXECVQZ3b3JrZWRxA3Mu\n"}}, {"pk": "853b0548da122dd311558ed6568b86a7", "model": "sessions.session", "fields": {"expire_date": "2013-10-01T01:17:26.681", "session_data": "ZWNlMDcxNmU2YjM2YjJlNTkxMmJjMzdlYThjZmJlODJjNWE1ODQyYjqAAn1xAVUKdGVzdGNvb2tp\nZXECVQZ3b3JrZWRxA3Mu\n"}}, {"pk": "4ccc4820d6ee8a170045f92c803e4707", "model": "sessions.session", "fields": {"expire_date": "2013-10-01T09:56:13.490", "session_data": "ZWNlMDcxNmU2YjM2YjJlNTkxMmJjMzdlYThjZmJlODJjNWE1ODQyYjqAAn1xAVUKdGVzdGNvb2tp\nZXECVQZ3b3JrZWRxA3Mu\n"}}, {"pk": "64846e018723ff6d796c0d8790f3e9d4", "model": "sessions.session", "fields": {"expire_date": "2013-10-01T01:33:05.410", "session_data": "ZWNlMDcxNmU2YjM2YjJlNTkxMmJjMzdlYThjZmJlODJjNWE1ODQyYjqAAn1xAVUKdGVzdGNvb2tp\nZXECVQZ3b3JrZWRxA3Mu\n"}}, {"pk": "5f1bd85ed008f7283240e199c068f18a", "model": "sessions.session", "fields": {"expire_date": "2013-10-01T01:36:24.529", "session_data": "ZWNlMDcxNmU2YjM2YjJlNTkxMmJjMzdlYThjZmJlODJjNWE1ODQyYjqAAn1xAVUKdGVzdGNvb2tp\nZXECVQZ3b3JrZWRxA3Mu\n"}}, {"pk": "2d672d07ed5871cc7f80a53bf25b928d", "model": "sessions.session", "fields": {"expire_date": "2013-10-01T01:39:06.913", "session_data": "ZWNlMDcxNmU2YjM2YjJlNTkxMmJjMzdlYThjZmJlODJjNWE1ODQyYjqAAn1xAVUKdGVzdGNvb2tp\nZXECVQZ3b3JrZWRxA3Mu\n"}}, {"pk": "7fa99aff503a33934d3fbd5d32f6a441", "model": "sessions.session", "fields": {"expire_date": "2013-10-01T01:46:20.459", "session_data": "ZWNlMDcxNmU2YjM2YjJlNTkxMmJjMzdlYThjZmJlODJjNWE1ODQyYjqAAn1xAVUKdGVzdGNvb2tp\nZXECVQZ3b3JrZWRxA3Mu\n"}}, {"pk": "d3e6d113311d7a81d5fe6273dc33d007", "model": "sessions.session", "fields": {"expire_date": "2013-10-01T01:55:11.498", "session_data": "ZWNlMDcxNmU2YjM2YjJlNTkxMmJjMzdlYThjZmJlODJjNWE1ODQyYjqAAn1xAVUKdGVzdGNvb2tp\nZXECVQZ3b3JrZWRxA3Mu\n"}}, {"pk": "c70ef57471f30486ec5992c9cc0765e8", "model": "sessions.session", "fields": {"expire_date": "2013-10-01T02:02:35.423", "session_data": "ZWNlMDcxNmU2YjM2YjJlNTkxMmJjMzdlYThjZmJlODJjNWE1ODQyYjqAAn1xAVUKdGVzdGNvb2tp\nZXECVQZ3b3JrZWRxA3Mu\n"}}, {"pk": "c624d73b351414e679f17afaa81d996c", "model": "sessions.session", "fields": {"expire_date": "2013-10-01T02:13:46.338", "session_data": "ZWNlMDcxNmU2YjM2YjJlNTkxMmJjMzdlYThjZmJlODJjNWE1ODQyYjqAAn1xAVUKdGVzdGNvb2tp\nZXECVQZ3b3JrZWRxA3Mu\n"}}, {"pk": "b5b3225d5ad62877b108d57e985a5317", "model": "sessions.session", "fields": {"expire_date": "2013-10-01T02:16:46.898", "session_data": "YzcwNDkxNjUzODE5NTJhZWY3NWQ2NDE4ZWE5OGU4NjgzMmY4YzQ5ZjqAAn1xAShVEl9hdXRoX3Vz\nZXJfYmFja2VuZHECVSlkamFuZ28uY29udHJpYi5hdXRoLmJhY2tlbmRzLk1vZGVsQmFja2VuZHED\nVQ1fYXV0aF91c2VyX2lkcQRLFHUu\n"}}, {"pk": "024b2f5733fef8711b8a5e9be80090aa", "model": "sessions.session", "fields": {"expire_date": "2013-10-01T02:17:08.787", "session_data": "MzEyZDU4ZGRjMzQ0ZjhkOTA5MTA3NzYyMzA2NmVjYzc1MzNhZmQ5ZDqAAn1xAShVEl9hdXRoX3Vz\nZXJfYmFja2VuZHECVSlkamFuZ28uY29udHJpYi5hdXRoLmJhY2tlbmRzLk1vZGVsQmFja2VuZHED\nVQ1fYXV0aF91c2VyX2lkcQRLBHUu\n"}}, {"pk": "102b99534f2b0b33fe56c1f71a092c4f", "model": "sessions.session", "fields": {"expire_date": "2013-10-01T02:23:25.523", "session_data": "ZWNlMDcxNmU2YjM2YjJlNTkxMmJjMzdlYThjZmJlODJjNWE1ODQyYjqAAn1xAVUKdGVzdGNvb2tp\nZXECVQZ3b3JrZWRxA3Mu\n"}}, {"pk": "57497cc6d6de592cc0802ba0a4aa1559", "model": "sessions.session", "fields": {"expire_date": "2013-10-01T02:26:07.960", "session_data": "NTRkZmJmNjE2MTE0MzJjYzA2NzYwODA0ZGRjMzkxYTlmM2RkYTFkNzqAAn1xAShVEl9hdXRoX3Vz\nZXJfYmFja2VuZHECVSlkamFuZ28uY29udHJpYi5hdXRoLmJhY2tlbmRzLk1vZGVsQmFja2VuZHED\nVQ1fYXV0aF91c2VyX2lkcQRLEnUu\n"}}, {"pk": "28f7e92b3bbf86836e621bdbfcb1984b", "model": "sessions.session", "fields": {"expire_date": "2013-10-01T05:02:01.869", "session_data": "ZWNlMDcxNmU2YjM2YjJlNTkxMmJjMzdlYThjZmJlODJjNWE1ODQyYjqAAn1xAVUKdGVzdGNvb2tp\nZXECVQZ3b3JrZWRxA3Mu\n"}}, {"pk": "8019741ffb492fabc0cf54c9933475f8", "model": "sessions.session", "fields": {"expire_date": "2013-10-01T02:43:50.725", "session_data": "ZWNlMDcxNmU2YjM2YjJlNTkxMmJjMzdlYThjZmJlODJjNWE1ODQyYjqAAn1xAVUKdGVzdGNvb2tp\nZXECVQZ3b3JrZWRxA3Mu\n"}}, {"pk": "53bf3920dcdc244d0a29c49d1dcf2a72", "model": "sessions.session", "fields": {"expire_date": "2013-10-01T02:44:25.739", "session_data": "ZWNlMDcxNmU2YjM2YjJlNTkxMmJjMzdlYThjZmJlODJjNWE1ODQyYjqAAn1xAVUKdGVzdGNvb2tp\nZXECVQZ3b3JrZWRxA3Mu\n"}}, {"pk": "0f5ec6e4f8c589ab1aeaebc5884430a7", "model": "sessions.session", "fields": {"expire_date": "2013-10-01T02:44:49.555", "session_data": "ZWNlMDcxNmU2YjM2YjJlNTkxMmJjMzdlYThjZmJlODJjNWE1ODQyYjqAAn1xAVUKdGVzdGNvb2tp\nZXECVQZ3b3JrZWRxA3Mu\n"}}, {"pk": "b40a2f004b169fc063fc12b6030cd23b", "model": "sessions.session", "fields": {"expire_date": "2013-10-01T02:45:06.297", "session_data": "ZWNlMDcxNmU2YjM2YjJlNTkxMmJjMzdlYThjZmJlODJjNWE1ODQyYjqAAn1xAVUKdGVzdGNvb2tp\nZXECVQZ3b3JrZWRxA3Mu\n"}}, {"pk": "4d06bc8d879275f6d78bf53970455e0e", "model": "sessions.session", "fields": {"expire_date": "2013-10-01T02:46:18.211", "session_data": "Y2YzMzBiMzYyZjA1MjRlNGY2YmRmN2JmMTA4ODcwNTM5NjM4ZmNlZjqAAn1xAShVEl9hdXRoX3Vz\nZXJfYmFja2VuZHECVSlkamFuZ28uY29udHJpYi5hdXRoLmJhY2tlbmRzLk1vZGVsQmFja2VuZHED\nVQ1fYXV0aF91c2VyX2lkcQRLF3Uu\n"}}, {"pk": "c8b386e9178d7a6118a332a8dc4376f4", "model": "sessions.session", "fields": {"expire_date": "2013-10-01T02:49:44.341", "session_data": "ZWNlMDcxNmU2YjM2YjJlNTkxMmJjMzdlYThjZmJlODJjNWE1ODQyYjqAAn1xAVUKdGVzdGNvb2tp\nZXECVQZ3b3JrZWRxA3Mu\n"}}, {"pk": "af7992d3a4a25da9b4bc5d4af617491c", "model": "sessions.session", "fields": {"expire_date": "2013-10-01T02:54:12.186", "session_data": "MjZiZmM2OTBhMGVjM2FkZjZhODY5ZmJhOGQxZWE1ZmNlNWZjNWViMTqAAn1xAShVEl9hdXRoX3Vz\nZXJfYmFja2VuZHECVSlkamFuZ28uY29udHJpYi5hdXRoLmJhY2tlbmRzLk1vZGVsQmFja2VuZHED\nVQ1fYXV0aF91c2VyX2lkcQRLBXUu\n"}}, {"pk": "4690a240c4e059183c3d6ebfdec56b4d", "model": "sessions.session", "fields": {"expire_date": "2013-10-01T10:06:15.450", "session_data": "ZWNlMDcxNmU2YjM2YjJlNTkxMmJjMzdlYThjZmJlODJjNWE1ODQyYjqAAn1xAVUKdGVzdGNvb2tp\nZXECVQZ3b3JrZWRxA3Mu\n"}}, {"pk": "6b0a13ffea4c6a28f88a42280fc4e61d", "model": "sessions.session", "fields": {"expire_date": "2013-10-01T02:57:16.253", "session_data": "ZWNlMDcxNmU2YjM2YjJlNTkxMmJjMzdlYThjZmJlODJjNWE1ODQyYjqAAn1xAVUKdGVzdGNvb2tp\nZXECVQZ3b3JrZWRxA3Mu\n"}}, {"pk": "e3558189675686ab0e664bbe815319e6", "model": "sessions.session", "fields": {"expire_date": "2013-10-01T11:34:52.989", "session_data": "ZWNlMDcxNmU2YjM2YjJlNTkxMmJjMzdlYThjZmJlODJjNWE1ODQyYjqAAn1xAVUKdGVzdGNvb2tp\nZXECVQZ3b3JrZWRxA3Mu\n"}}, {"pk": "d540658e3c5d7518abd3dfe0473383cb", "model": "sessions.session", "fields": {"expire_date": "2013-10-01T03:11:37.872", "session_data": "ZWNlMDcxNmU2YjM2YjJlNTkxMmJjMzdlYThjZmJlODJjNWE1ODQyYjqAAn1xAVUKdGVzdGNvb2tp\nZXECVQZ3b3JrZWRxA3Mu\n"}}, {"pk": "ccccfc9eeb6542f959f8e79c18238c11", "model": "sessions.session", "fields": {"expire_date": "2013-10-01T03:17:41.533", "session_data": "ZWNlMDcxNmU2YjM2YjJlNTkxMmJjMzdlYThjZmJlODJjNWE1ODQyYjqAAn1xAVUKdGVzdGNvb2tp\nZXECVQZ3b3JrZWRxA3Mu\n"}}, {"pk": "a70c7962b74e4af53c5516ce90d3a63b", "model": "sessions.session", "fields": {"expire_date": "2013-10-01T03:17:47.074", "session_data": "MDc3MTlkZjIxNDQ0ZWQ2Yjc2MTBkM2E1Y2FhNmRlYTAwMTU3NmNkMjqAAn1xAShVEl9hdXRoX3Vz\nZXJfYmFja2VuZHECVSlkamFuZ28uY29udHJpYi5hdXRoLmJhY2tlbmRzLk1vZGVsQmFja2VuZHED\nVQ1fYXV0aF91c2VyX2lkcQRLAXUu\n"}}, {"pk": "4de732af1008ecf0f4def1e4dc6654ac", "model": "sessions.session", "fields": {"expire_date": "2013-10-01T03:27:44.140", "session_data": "ZWNlMDcxNmU2YjM2YjJlNTkxMmJjMzdlYThjZmJlODJjNWE1ODQyYjqAAn1xAVUKdGVzdGNvb2tp\nZXECVQZ3b3JrZWRxA3Mu\n"}}, {"pk": "855b640f0661de98a946ee4a5e639726", "model": "sessions.session", "fields": {"expire_date": "2013-10-01T03:36:01.625", "session_data": "NTNhZWZiMWYyMTc3Y2NlZDJmZmY4NjRhNDJkY2Q1Y2E2MDgwZWI3MjqAAn1xAShVEl9hdXRoX3Vz\nZXJfYmFja2VuZHECVSlkamFuZ28uY29udHJpYi5hdXRoLmJhY2tlbmRzLk1vZGVsQmFja2VuZHED\nVQ1fYXV0aF91c2VyX2lkcQRLB3Uu\n"}}, {"pk": "a710d8f3c4e0a733884673c67c74a37d", "model": "sessions.session", "fields": {"expire_date": "2013-10-01T03:37:29.371", "session_data": "OTkyMTc0MWIxNGE2MjE1YzcxMDI4MDFmY2VkYmNkYWE0MjQ2Mzg4MTqAAn1xAShVEl9hdXRoX3Vz\nZXJfYmFja2VuZHECVSlkamFuZ28uY29udHJpYi5hdXRoLmJhY2tlbmRzLk1vZGVsQmFja2VuZHED\nVQ1fYXV0aF91c2VyX2lkcQRLDnUu\n"}}, {"pk": "5fd706d48e68b3602970e41519ef9306", "model": "sessions.session", "fields": {"expire_date": "2013-10-01T03:37:48.718", "session_data": "ZWNlMDcxNmU2YjM2YjJlNTkxMmJjMzdlYThjZmJlODJjNWE1ODQyYjqAAn1xAVUKdGVzdGNvb2tp\nZXECVQZ3b3JrZWRxA3Mu\n"}}, {"pk": "3953d948d54b64f7978a7d53e19a014f", "model": "sessions.session", "fields": {"expire_date": "2013-10-01T03:40:01.844", "session_data": "ZWNlMDcxNmU2YjM2YjJlNTkxMmJjMzdlYThjZmJlODJjNWE1ODQyYjqAAn1xAVUKdGVzdGNvb2tp\nZXECVQZ3b3JrZWRxA3Mu\n"}}, {"pk": "ba7b80e9f1f677abf9e4303b2f443181", "model": "sessions.session", "fields": {"expire_date": "2013-10-01T03:47:27.024", "session_data": "ZWNlMDcxNmU2YjM2YjJlNTkxMmJjMzdlYThjZmJlODJjNWE1ODQyYjqAAn1xAVUKdGVzdGNvb2tp\nZXECVQZ3b3JrZWRxA3Mu\n"}}, {"pk": "1f2b0b942f70337177af77763d1f6b5f", "model": "sessions.session", "fields": {"expire_date": "2013-10-01T03:47:38.251", "session_data": "ZWNlMDcxNmU2YjM2YjJlNTkxMmJjMzdlYThjZmJlODJjNWE1ODQyYjqAAn1xAVUKdGVzdGNvb2tp\nZXECVQZ3b3JrZWRxA3Mu\n"}}, {"pk": "567c6141b743e338f286a8639ed10da0", "model": "sessions.session", "fields": {"expire_date": "2013-10-01T03:47:40.126", "session_data": "ZWNlMDcxNmU2YjM2YjJlNTkxMmJjMzdlYThjZmJlODJjNWE1ODQyYjqAAn1xAVUKdGVzdGNvb2tp\nZXECVQZ3b3JrZWRxA3Mu\n"}}, {"pk": "26939da53eafcf93e55119a4b9a2ed3c", "model": "sessions.session", "fields": {"expire_date": "2013-10-01T04:40:04.946", "session_data": "ZWNlMDcxNmU2YjM2YjJlNTkxMmJjMzdlYThjZmJlODJjNWE1ODQyYjqAAn1xAVUKdGVzdGNvb2tp\nZXECVQZ3b3JrZWRxA3Mu\n"}}, {"pk": "ff1037404b26e68a7749ab2c951bdc7a", "model": "sessions.session", "fields": {"expire_date": "2013-10-01T03:48:32.026", "session_data": "ZWNlMDcxNmU2YjM2YjJlNTkxMmJjMzdlYThjZmJlODJjNWE1ODQyYjqAAn1xAVUKdGVzdGNvb2tp\nZXECVQZ3b3JrZWRxA3Mu\n"}}, {"pk": "4fa2bb7e1f803f215104f68a09455658", "model": "sessions.session", "fields": {"expire_date": "2013-10-01T10:12:20.278", "session_data": "ZWNlMDcxNmU2YjM2YjJlNTkxMmJjMzdlYThjZmJlODJjNWE1ODQyYjqAAn1xAVUKdGVzdGNvb2tp\nZXECVQZ3b3JrZWRxA3Mu\n"}}, {"pk": "68bbc84a3cb6e800477890dfb7155ee7", "model": "sessions.session", "fields": {"expire_date": "2013-10-01T03:52:04.955", "session_data": "ZWNlMDcxNmU2YjM2YjJlNTkxMmJjMzdlYThjZmJlODJjNWE1ODQyYjqAAn1xAVUKdGVzdGNvb2tp\nZXECVQZ3b3JrZWRxA3Mu\n"}}, {"pk": "fbf723a271049069d218ddbe1b3e89f7", "model": "sessions.session", "fields": {"expire_date": "2013-10-01T03:52:18.857", "session_data": "ZWNlMDcxNmU2YjM2YjJlNTkxMmJjMzdlYThjZmJlODJjNWE1ODQyYjqAAn1xAVUKdGVzdGNvb2tp\nZXECVQZ3b3JrZWRxA3Mu\n"}}, {"pk": "c9cd35e6eb93d0449b6bff7089cdd345", "model": "sessions.session", "fields": {"expire_date": "2013-10-01T03:53:30.963", "session_data": "YWMxZDUzYzM5ZmQyMGMzOWViNGMyY2UzMzU0MTM3N2QxNzExZGU4NzqAAn1xAShVEl9hdXRoX3Vz\nZXJfYmFja2VuZHECVSlkamFuZ28uY29udHJpYi5hdXRoLmJhY2tlbmRzLk1vZGVsQmFja2VuZHED\nVQ1fYXV0aF91c2VyX2lkcQRLC3Uu\n"}}, {"pk": "eae70e010375e86c131a754728e07daf", "model": "sessions.session", "fields": {"expire_date": "2013-10-01T04:06:10.206", "session_data": "OGUyMzYxMDMwM2JjMGU0NThiYmI2NzdmZjY1NTgxNzY0MjhkZWY2OTqAAn1xAShVEl9hdXRoX3Vz\nZXJfYmFja2VuZHECVSlkamFuZ28uY29udHJpYi5hdXRoLmJhY2tlbmRzLk1vZGVsQmFja2VuZHED\nVQ1fYXV0aF91c2VyX2lkcQRLE3Uu\n"}}, {"pk": "1927bc21e7732b8c9c989d5955ddfe86", "model": "sessions.session", "fields": {"expire_date": "2013-10-01T04:19:28.515", "session_data": "ZWNlMDcxNmU2YjM2YjJlNTkxMmJjMzdlYThjZmJlODJjNWE1ODQyYjqAAn1xAVUKdGVzdGNvb2tp\nZXECVQZ3b3JrZWRxA3Mu\n"}}, {"pk": "a99f53105755aa7c136ce98e871c3bb6", "model": "sessions.session", "fields": {"expire_date": "2013-10-01T09:29:51.558", "session_data": "ZWNlMDcxNmU2YjM2YjJlNTkxMmJjMzdlYThjZmJlODJjNWE1ODQyYjqAAn1xAVUKdGVzdGNvb2tp\nZXECVQZ3b3JrZWRxA3Mu\n"}}, {"pk": "84d422d8cd2228051d4f143d3cedcff9", "model": "sessions.session", "fields": {"expire_date": "2013-10-01T04:38:11.621", "session_data": "ZWNlMDcxNmU2YjM2YjJlNTkxMmJjMzdlYThjZmJlODJjNWE1ODQyYjqAAn1xAVUKdGVzdGNvb2tp\nZXECVQZ3b3JrZWRxA3Mu\n"}}, {"pk": "8ef55197b215de2e3e1af05e02fc15b0", "model": "sessions.session", "fields": {"expire_date": "2013-10-01T04:45:11.102", "session_data": "NTAxNmFhY2Y1NzU2Y2Y2NzJlNzExZDkxNWQzNGFkZDE1MWUzZjkzMDqAAn1xAShVEl9hdXRoX3Vz\nZXJfYmFja2VuZHECVSlkamFuZ28uY29udHJpYi5hdXRoLmJhY2tlbmRzLk1vZGVsQmFja2VuZHED\nVQ1fYXV0aF91c2VyX2lkcQRLCnUu\n"}}, {"pk": "ccc4e1ea42d056569bcd7f0b23e68373", "model": "sessions.session", "fields": {"expire_date": "2013-10-01T05:36:35.373", "session_data": "ZWNlMDcxNmU2YjM2YjJlNTkxMmJjMzdlYThjZmJlODJjNWE1ODQyYjqAAn1xAVUKdGVzdGNvb2tp\nZXECVQZ3b3JrZWRxA3Mu\n"}}, {"pk": "f498826cf0cee41565ef3731079b0fc7", "model": "sessions.session", "fields": {"expire_date": "2013-10-01T06:21:16.749", "session_data": "ZWNlMDcxNmU2YjM2YjJlNTkxMmJjMzdlYThjZmJlODJjNWE1ODQyYjqAAn1xAVUKdGVzdGNvb2tp\nZXECVQZ3b3JrZWRxA3Mu\n"}}, {"pk": "e7a99c8c7ee71ebcc22b88a6143bff88", "model": "sessions.session", "fields": {"expire_date": "2013-10-01T06:25:11.989", "session_data": "ZWRkZmNhNjcxMGM5YTdjZGY1NTc5NTA3NDJiMTY4ZWQ1ZjBjYTA3MzqAAn1xAShVEl9hdXRoX3Vz\nZXJfYmFja2VuZHECVSlkamFuZ28uY29udHJpYi5hdXRoLmJhY2tlbmRzLk1vZGVsQmFja2VuZHED\nVQ1fYXV0aF91c2VyX2lkcQRLBnUu\n"}}, {"pk": "6e4d837f3d3843d2cb18297deedc07c8", "model": "sessions.session", "fields": {"expire_date": "2013-10-01T07:05:45.881", "session_data": "OTFiZjRlNWUzMjJmZmU1Mjg3NjM1MjBkNjI1YWVjMjQzYTBmZTlhNTqAAn1xAShVEl9hdXRoX3Vz\nZXJfYmFja2VuZHECVSlkamFuZ28uY29udHJpYi5hdXRoLmJhY2tlbmRzLk1vZGVsQmFja2VuZHED\nVQ1fYXV0aF91c2VyX2lkcQRLD3Uu\n"}}, {"pk": "fc77e2b5cd9ee3593a1b405e3ef35dd2", "model": "sessions.session", "fields": {"expire_date": "2013-10-01T07:23:05.359", "session_data": "ZWNlMDcxNmU2YjM2YjJlNTkxMmJjMzdlYThjZmJlODJjNWE1ODQyYjqAAn1xAVUKdGVzdGNvb2tp\nZXECVQZ3b3JrZWRxA3Mu\n"}}, {"pk": "06f862d2455f67fd7f1221fd3a6b6bb9", "model": "sessions.session", "fields": {"expire_date": "2013-10-01T07:33:26.116", "session_data": "ZWNlMDcxNmU2YjM2YjJlNTkxMmJjMzdlYThjZmJlODJjNWE1ODQyYjqAAn1xAVUKdGVzdGNvb2tp\nZXECVQZ3b3JrZWRxA3Mu\n"}}, {"pk": "68b5f2ae1d4931bcf1619666b4303ab6", "model": "sessions.session", "fields": {"expire_date": "2013-10-01T07:33:27.476", "session_data": "ZWNlMDcxNmU2YjM2YjJlNTkxMmJjMzdlYThjZmJlODJjNWE1ODQyYjqAAn1xAVUKdGVzdGNvb2tp\nZXECVQZ3b3JrZWRxA3Mu\n"}}, {"pk": "4b2da44f51aff7c2ccb8e0118a09ce91", "model": "sessions.session", "fields": {"expire_date": "2013-10-01T07:34:13.164", "session_data": "MmEzZGVmZjg2ZjgwMzY5NmEwZjM4NzQwYzE1NzAwYTE2N2JjMzNiMjqAAn1xAShVEl9hdXRoX3Vz\nZXJfYmFja2VuZHECVSlkamFuZ28uY29udHJpYi5hdXRoLmJhY2tlbmRzLk1vZGVsQmFja2VuZHED\nVQ1fYXV0aF91c2VyX2lkcQRLCXUu\n"}}, {"pk": "611b54ac059a36a93556c2bf91d262e1", "model": "sessions.session", "fields": {"expire_date": "2013-10-01T07:34:13.930", "session_data": "ZWNlMDcxNmU2YjM2YjJlNTkxMmJjMzdlYThjZmJlODJjNWE1ODQyYjqAAn1xAVUKdGVzdGNvb2tp\nZXECVQZ3b3JrZWRxA3Mu\n"}}, {"pk": "2797f5ae33f1ed2ad7f268ef38719b00", "model": "sessions.session", "fields": {"expire_date": "2013-10-01T07:34:49.351", "session_data": "ZWNlMDcxNmU2YjM2YjJlNTkxMmJjMzdlYThjZmJlODJjNWE1ODQyYjqAAn1xAVUKdGVzdGNvb2tp\nZXECVQZ3b3JrZWRxA3Mu\n"}}, {"pk": "17293719e9d5036a2b6a0792eeb38a0f", "model": "sessions.session", "fields": {"expire_date": "2013-10-01T07:35:55.916", "session_data": "ZWNlMDcxNmU2YjM2YjJlNTkxMmJjMzdlYThjZmJlODJjNWE1ODQyYjqAAn1xAVUKdGVzdGNvb2tp\nZXECVQZ3b3JrZWRxA3Mu\n"}}, {"pk": "0a6db14348874da6948e12fa28ad7089", "model": "sessions.session", "fields": {"expire_date": "2013-10-01T07:36:02.770", "session_data": "ZWNlMDcxNmU2YjM2YjJlNTkxMmJjMzdlYThjZmJlODJjNWE1ODQyYjqAAn1xAVUKdGVzdGNvb2tp\nZXECVQZ3b3JrZWRxA3Mu\n"}}, {"pk": "6fef1e18ac638d4450d630385bab1259", "model": "sessions.session", "fields": {"expire_date": "2013-10-01T07:36:08.681", "session_data": "ZWNlMDcxNmU2YjM2YjJlNTkxMmJjMzdlYThjZmJlODJjNWE1ODQyYjqAAn1xAVUKdGVzdGNvb2tp\nZXECVQZ3b3JrZWRxA3Mu\n"}}, {"pk": "627ed4ed033d8ca9ddc934deb8b4fbb0", "model": "sessions.session", "fields": {"expire_date": "2013-10-01T07:36:15.926", "session_data": "ZWNlMDcxNmU2YjM2YjJlNTkxMmJjMzdlYThjZmJlODJjNWE1ODQyYjqAAn1xAVUKdGVzdGNvb2tp\nZXECVQZ3b3JrZWRxA3Mu\n"}}, {"pk": "8fdca80e4638568b55af55bf8e4a06e3", "model": "sessions.session", "fields": {"expire_date": "2013-10-01T07:44:43.842", "session_data": "ZWNlMDcxNmU2YjM2YjJlNTkxMmJjMzdlYThjZmJlODJjNWE1ODQyYjqAAn1xAVUKdGVzdGNvb2tp\nZXECVQZ3b3JrZWRxA3Mu\n"}}, {"pk": "1cfa11a49203ca969f786d30895845fd", "model": "sessions.session", "fields": {"expire_date": "2013-10-01T07:45:12.407", "session_data": "ZWNlMDcxNmU2YjM2YjJlNTkxMmJjMzdlYThjZmJlODJjNWE1ODQyYjqAAn1xAVUKdGVzdGNvb2tp\nZXECVQZ3b3JrZWRxA3Mu\n"}}, {"pk": "b459513e11fe192940f7c02414ac541d", "model": "sessions.session", "fields": {"expire_date": "2013-10-01T07:45:21.942", "session_data": "ZWNlMDcxNmU2YjM2YjJlNTkxMmJjMzdlYThjZmJlODJjNWE1ODQyYjqAAn1xAVUKdGVzdGNvb2tp\nZXECVQZ3b3JrZWRxA3Mu\n"}}, {"pk": "29a79dd3a38889361c9335c4e90b7efe", "model": "sessions.session", "fields": {"expire_date": "2013-10-01T07:55:02.767", "session_data": "ZWNlMDcxNmU2YjM2YjJlNTkxMmJjMzdlYThjZmJlODJjNWE1ODQyYjqAAn1xAVUKdGVzdGNvb2tp\nZXECVQZ3b3JrZWRxA3Mu\n"}}, {"pk": "c36773affd8a4360647c8a147d2af62b", "model": "sessions.session", "fields": {"expire_date": "2013-10-01T07:55:07.243", "session_data": "ZWNlMDcxNmU2YjM2YjJlNTkxMmJjMzdlYThjZmJlODJjNWE1ODQyYjqAAn1xAVUKdGVzdGNvb2tp\nZXECVQZ3b3JrZWRxA3Mu\n"}}, {"pk": "75c0f9bf8a7874cdcc9cfdf73ef594cf", "model": "sessions.session", "fields": {"expire_date": "2013-10-01T08:00:20.943", "session_data": "ZWNlMDcxNmU2YjM2YjJlNTkxMmJjMzdlYThjZmJlODJjNWE1ODQyYjqAAn1xAVUKdGVzdGNvb2tp\nZXECVQZ3b3JrZWRxA3Mu\n"}}, {"pk": "833b7b53ad16196ad665d6f8c0bacca8", "model": "sessions.session", "fields": {"expire_date": "2013-10-01T08:03:14.430", "session_data": "ZWNlMDcxNmU2YjM2YjJlNTkxMmJjMzdlYThjZmJlODJjNWE1ODQyYjqAAn1xAVUKdGVzdGNvb2tp\nZXECVQZ3b3JrZWRxA3Mu\n"}}, {"pk": "ca1431efb670d534b687922ad7e11ca3", "model": "sessions.session", "fields": {"expire_date": "2013-10-01T08:15:48.646", "session_data": "ZWNlMDcxNmU2YjM2YjJlNTkxMmJjMzdlYThjZmJlODJjNWE1ODQyYjqAAn1xAVUKdGVzdGNvb2tp\nZXECVQZ3b3JrZWRxA3Mu\n"}}, {"pk": "0cbf8621e14c3b4d43bc2af294d6d954", "model": "sessions.session", "fields": {"expire_date": "2013-10-01T08:42:40.323", "session_data": "ZWNlMDcxNmU2YjM2YjJlNTkxMmJjMzdlYThjZmJlODJjNWE1ODQyYjqAAn1xAVUKdGVzdGNvb2tp\nZXECVQZ3b3JrZWRxA3Mu\n"}}, {"pk": "d7f829609048d5e3cc78eeab18a44979", "model": "sessions.session", "fields": {"expire_date": "2013-10-01T08:43:02.800", "session_data": "ZWNlMDcxNmU2YjM2YjJlNTkxMmJjMzdlYThjZmJlODJjNWE1ODQyYjqAAn1xAVUKdGVzdGNvb2tp\nZXECVQZ3b3JrZWRxA3Mu\n"}}, {"pk": "7b72bd39b4b446cf932f3a3d5c7f19b5", "model": "sessions.session", "fields": {"expire_date": "2013-10-01T09:05:56.266", "session_data": "ZWNlMDcxNmU2YjM2YjJlNTkxMmJjMzdlYThjZmJlODJjNWE1ODQyYjqAAn1xAVUKdGVzdGNvb2tp\nZXECVQZ3b3JrZWRxA3Mu\n"}}, {"pk": "5bf9960d491ba0dc6bd42ef50774331b", "model": "sessions.session", "fields": {"expire_date": "2013-10-01T09:07:04.269", "session_data": "ZWNlMDcxNmU2YjM2YjJlNTkxMmJjMzdlYThjZmJlODJjNWE1ODQyYjqAAn1xAVUKdGVzdGNvb2tp\nZXECVQZ3b3JrZWRxA3Mu\n"}}, {"pk": "40466d741321ea8c2fe7e3d6251949d7", "model": "sessions.session", "fields": {"expire_date": "2013-10-01T09:07:21.657", "session_data": "ZWNlMDcxNmU2YjM2YjJlNTkxMmJjMzdlYThjZmJlODJjNWE1ODQyYjqAAn1xAVUKdGVzdGNvb2tp\nZXECVQZ3b3JrZWRxA3Mu\n"}}, {"pk": "bd450c3e8e30b013ddb5e734d14ebbd1", "model": "sessions.session", "fields": {"expire_date": "2013-10-01T09:49:53.137", "session_data": "Yjc3MDNhZTE2ZjRmYmYzZjQ0YmJjOTJkZWVhMTIxYzRiMGE0OGE1ODqAAn1xAShVEl9hdXRoX3Vz\nZXJfYmFja2VuZHECVSlkamFuZ28uY29udHJpYi5hdXRoLmJhY2tlbmRzLk1vZGVsQmFja2VuZHED\nVQ1fYXV0aF91c2VyX2lkcQRLEHUu\n"}}, {"pk": "993510cee4569cf538a7184be0e93824", "model": "sessions.session", "fields": {"expire_date": "2013-10-01T09:57:55.031", "session_data": "ZWNlMDcxNmU2YjM2YjJlNTkxMmJjMzdlYThjZmJlODJjNWE1ODQyYjqAAn1xAVUKdGVzdGNvb2tp\nZXECVQZ3b3JrZWRxA3Mu\n"}}, {"pk": "3f99fede9acf6a72f358ceed0f6f052b", "model": "sessions.session", "fields": {"expire_date": "2013-10-01T10:03:30.420", "session_data": "ZWNlMDcxNmU2YjM2YjJlNTkxMmJjMzdlYThjZmJlODJjNWE1ODQyYjqAAn1xAVUKdGVzdGNvb2tp\nZXECVQZ3b3JrZWRxA3Mu\n"}}, {"pk": "3f763ded073268a3c7762133b2a367a8", "model": "sessions.session", "fields": {"expire_date": "2013-10-01T10:10:11.213", "session_data": "Yjc3MDNhZTE2ZjRmYmYzZjQ0YmJjOTJkZWVhMTIxYzRiMGE0OGE1ODqAAn1xAShVEl9hdXRoX3Vz\nZXJfYmFja2VuZHECVSlkamFuZ28uY29udHJpYi5hdXRoLmJhY2tlbmRzLk1vZGVsQmFja2VuZHED\nVQ1fYXV0aF91c2VyX2lkcQRLEHUu\n"}}, {"pk": "2e28c2a2aa53f0e89996662ca7843d7d", "model": "sessions.session", "fields": {"expire_date": "2013-10-01T10:16:44.729", "session_data": "ZWNlMDcxNmU2YjM2YjJlNTkxMmJjMzdlYThjZmJlODJjNWE1ODQyYjqAAn1xAVUKdGVzdGNvb2tp\nZXECVQZ3b3JrZWRxA3Mu\n"}}, {"pk": "6463af88df257b7e266c43826cf39056", "model": "sessions.session", "fields": {"expire_date": "2013-10-01T10:21:32.456", "session_data": "ZWNlMDcxNmU2YjM2YjJlNTkxMmJjMzdlYThjZmJlODJjNWE1ODQyYjqAAn1xAVUKdGVzdGNvb2tp\nZXECVQZ3b3JrZWRxA3Mu\n"}}, {"pk": "4322c93de4af9f683064904ca94fe4a0", "model": "sessions.session", "fields": {"expire_date": "2013-10-01T10:24:01.413", "session_data": "ZWNlMDcxNmU2YjM2YjJlNTkxMmJjMzdlYThjZmJlODJjNWE1ODQyYjqAAn1xAVUKdGVzdGNvb2tp\nZXECVQZ3b3JrZWRxA3Mu\n"}}, {"pk": "333dd1a18df23805365a563ac8bfff38", "model": "sessions.session", "fields": {"expire_date": "2013-10-01T10:24:57.170", "session_data": "ZWNlMDcxNmU2YjM2YjJlNTkxMmJjMzdlYThjZmJlODJjNWE1ODQyYjqAAn1xAVUKdGVzdGNvb2tp\nZXECVQZ3b3JrZWRxA3Mu\n"}}, {"pk": "718a324571500d2f1402c8c302bf4314", "model": "sessions.session", "fields": {"expire_date": "2013-10-01T10:24:58.392", "session_data": "ZWNlMDcxNmU2YjM2YjJlNTkxMmJjMzdlYThjZmJlODJjNWE1ODQyYjqAAn1xAVUKdGVzdGNvb2tp\nZXECVQZ3b3JrZWRxA3Mu\n"}}, {"pk": "fa11b525606b89cef59cef3711ff2ea7", "model": "sessions.session", "fields": {"expire_date": "2013-10-01T10:25:55.579", "session_data": "ZWNlMDcxNmU2YjM2YjJlNTkxMmJjMzdlYThjZmJlODJjNWE1ODQyYjqAAn1xAVUKdGVzdGNvb2tp\nZXECVQZ3b3JrZWRxA3Mu\n"}}, {"pk": "9e690b4d6d84bdbf5b55ad7b49aa0d7d", "model": "sessions.session", "fields": {"expire_date": "2013-10-01T10:51:29.296", "session_data": "ZWNlMDcxNmU2YjM2YjJlNTkxMmJjMzdlYThjZmJlODJjNWE1ODQyYjqAAn1xAVUKdGVzdGNvb2tp\nZXECVQZ3b3JrZWRxA3Mu\n"}}, {"pk": "b3202ca3b415d970bb0cc2850f6d8aa0", "model": "sessions.session", "fields": {"expire_date": "2013-10-01T10:56:41.395", "session_data": "ZWNlMDcxNmU2YjM2YjJlNTkxMmJjMzdlYThjZmJlODJjNWE1ODQyYjqAAn1xAVUKdGVzdGNvb2tp\nZXECVQZ3b3JrZWRxA3Mu\n"}}, {"pk": "76e39898b9badfbf0a9101374a16f33f", "model": "sessions.session", "fields": {"expire_date": "2013-10-01T11:09:18.366", "session_data": "ZWNlMDcxNmU2YjM2YjJlNTkxMmJjMzdlYThjZmJlODJjNWE1ODQyYjqAAn1xAVUKdGVzdGNvb2tp\nZXECVQZ3b3JrZWRxA3Mu\n"}}, {"pk": "deb3041e0286318d075645fa405a2a5e", "model": "sessions.session", "fields": {"expire_date": "2013-10-01T11:44:58.345", "session_data": "ZWNlMDcxNmU2YjM2YjJlNTkxMmJjMzdlYThjZmJlODJjNWE1ODQyYjqAAn1xAVUKdGVzdGNvb2tp\nZXECVQZ3b3JrZWRxA3Mu\n"}}, {"pk": "b9e697a6ec586a549f8d98beb8203e0f", "model": "sessions.session", "fields": {"expire_date": "2013-10-01T12:16:10.717", "session_data": "ZWNlMDcxNmU2YjM2YjJlNTkxMmJjMzdlYThjZmJlODJjNWE1ODQyYjqAAn1xAVUKdGVzdGNvb2tp\nZXECVQZ3b3JrZWRxA3Mu\n"}}, {"pk": "60df3658267b22d151d73c02d041f1a0", "model": "sessions.session", "fields": {"expire_date": "2013-10-01T12:25:16.140", "session_data": "ZWNlMDcxNmU2YjM2YjJlNTkxMmJjMzdlYThjZmJlODJjNWE1ODQyYjqAAn1xAVUKdGVzdGNvb2tp\nZXECVQZ3b3JrZWRxA3Mu\n"}}, {"pk": "2b462b71b144ee0d80cb08bc8a487038", "model": "sessions.session", "fields": {"expire_date": "2013-10-01T14:06:17.893", "session_data": "ZWNlMDcxNmU2YjM2YjJlNTkxMmJjMzdlYThjZmJlODJjNWE1ODQyYjqAAn1xAVUKdGVzdGNvb2tp\nZXECVQZ3b3JrZWRxA3Mu\n"}}, {"pk": "2130cce9a68938b750994ab31907a954", "model": "sessions.session", "fields": {"expire_date": "2013-10-01T15:46:10.992", "session_data": "YmM3ZDZjZjVmODFmYTM2NTNkMjQ0MWY2NmYyYjU1ZTUzNzljYjUyNjqAAn1xAShVEl9hdXRoX3Vz\nZXJfYmFja2VuZHECVSlkamFuZ28uY29udHJpYi5hdXRoLmJhY2tlbmRzLk1vZGVsQmFja2VuZHED\nVQ1fYXV0aF91c2VyX2lkcQRLHHUu\n"}}, {"pk": "0651cfa75bb83981c78c3d80c3878921", "model": "sessions.session", "fields": {"expire_date": "2013-10-01T15:47:59.604", "session_data": "YzYwMTQwMDRlNWFlMjkxM2ZiNWRmOGFmODBjYzI1MDcyMDI0M2NkNDqAAn1xAShVEl9hdXRoX3Vz\nZXJfYmFja2VuZHECVSlkamFuZ28uY29udHJpYi5hdXRoLmJhY2tlbmRzLk1vZGVsQmFja2VuZHED\nVQ1fYXV0aF91c2VyX2lkcQRLG3Uu\n"}}, {"pk": "2e6cad6d4d1bf2aebf3a396ad12c8d8c", "model": "sessions.session", "fields": {"expire_date": "2013-10-01T15:52:26.495", "session_data": "NzNjYjMwZWVmMWUyM2NhNmU1YTAxOTgxZGIxY2U2N2QwNzEwNjVmZTqAAn1xAShVEl9hdXRoX3Vz\nZXJfYmFja2VuZHECVSlkamFuZ28uY29udHJpYi5hdXRoLmJhY2tlbmRzLk1vZGVsQmFja2VuZHED\nVQ1fYXV0aF91c2VyX2lkcQRLGHUu\n"}}, {"pk": "07fc350883957cd99673830991dc2e2e", "model": "sessions.session", "fields": {"expire_date": "2013-10-01T16:02:49.042", "session_data": "ZWNlMDcxNmU2YjM2YjJlNTkxMmJjMzdlYThjZmJlODJjNWE1ODQyYjqAAn1xAVUKdGVzdGNvb2tp\nZXECVQZ3b3JrZWRxA3Mu\n"}}, {"pk": "11d205cff4cb73e3e2d7ceed99264df7", "model": "sessions.session", "fields": {"expire_date": "2013-10-01T16:03:04.064", "session_data": "ZWNlMDcxNmU2YjM2YjJlNTkxMmJjMzdlYThjZmJlODJjNWE1ODQyYjqAAn1xAVUKdGVzdGNvb2tp\nZXECVQZ3b3JrZWRxA3Mu\n"}}, {"pk": "22c857e5ee009e4d63ec333ee231fba9", "model": "sessions.session", "fields": {"expire_date": "2013-10-01T16:05:29.787", "session_data": "ODY2MjBlYTQ4NDgzYzZhZDJkNzAyZWVjMTgwYmIxZmRjNzRmNjZkZjqAAn1xAShVEl9hdXRoX3Vz\nZXJfYmFja2VuZHECVSlkamFuZ28uY29udHJpYi5hdXRoLmJhY2tlbmRzLk1vZGVsQmFja2VuZHED\nVQ1fYXV0aF91c2VyX2lkcQRLIHUu\n"}}, {"pk": "050f2c89f0f0a57fdd235c12ab3b3551", "model": "sessions.session", "fields": {"expire_date": "2013-10-01T16:15:21.781", "session_data": "ZWNlMDcxNmU2YjM2YjJlNTkxMmJjMzdlYThjZmJlODJjNWE1ODQyYjqAAn1xAVUKdGVzdGNvb2tp\nZXECVQZ3b3JrZWRxA3Mu\n"}}, {"pk": "d3e07d19549059ccb0794a2b9e4b1247", "model": "sessions.session", "fields": {"expire_date": "2013-10-01T16:35:06.350", "session_data": "OTEyYzJlMWQ1M2E4MzcyZGRlMjQ3Y2QxNmIxZGQwODVkODc3NGU4YjqAAn1xAShVEl9hdXRoX3Vz\nZXJfYmFja2VuZHECVSlkamFuZ28uY29udHJpYi5hdXRoLmJhY2tlbmRzLk1vZGVsQmFja2VuZHED\nVQ1fYXV0aF91c2VyX2lkcQRLHnUu\n"}}, {"pk": "88c6d4775200f08d795828c5e803d78d", "model": "sessions.session", "fields": {"expire_date": "2013-10-01T16:38:32.412", "session_data": "ZWNlMDcxNmU2YjM2YjJlNTkxMmJjMzdlYThjZmJlODJjNWE1ODQyYjqAAn1xAVUKdGVzdGNvb2tp\nZXECVQZ3b3JrZWRxA3Mu\n"}}, {"pk": "d7e7476e14a9e1b4ced54e4acc770f7d", "model": "sessions.session", "fields": {"expire_date": "2013-10-02T00:43:56.408", "session_data": "ZWNlMDcxNmU2YjM2YjJlNTkxMmJjMzdlYThjZmJlODJjNWE1ODQyYjqAAn1xAVUKdGVzdGNvb2tp\nZXECVQZ3b3JrZWRxA3Mu\n"}}, {"pk": "70ea972c87f40282c8f962bc013f66af", "model": "sessions.session", "fields": {"expire_date": "2013-10-01T17:45:23.173", "session_data": "ZWNlMDcxNmU2YjM2YjJlNTkxMmJjMzdlYThjZmJlODJjNWE1ODQyYjqAAn1xAVUKdGVzdGNvb2tp\nZXECVQZ3b3JrZWRxA3Mu\n"}}, {"pk": "6d85a20da81c69bdc076448fa6903571", "model": "sessions.session", "fields": {"expire_date": "2013-10-01T23:52:07.635", "session_data": "ZWNlMDcxNmU2YjM2YjJlNTkxMmJjMzdlYThjZmJlODJjNWE1ODQyYjqAAn1xAVUKdGVzdGNvb2tp\nZXECVQZ3b3JrZWRxA3Mu\n"}}, {"pk": "7613a6b6026a41939645c0a16c3ac579", "model": "sessions.session", "fields": {"expire_date": "2013-10-02T01:47:42.340", "session_data": "ZWNlMDcxNmU2YjM2YjJlNTkxMmJjMzdlYThjZmJlODJjNWE1ODQyYjqAAn1xAVUKdGVzdGNvb2tp\nZXECVQZ3b3JrZWRxA3Mu\n"}}, {"pk": "0bbd8968acb14f7b1700b43c2e2c891c", "model": "sessions.session", "fields": {"expire_date": "2013-10-02T02:31:10.971", "session_data": "ZWNlMDcxNmU2YjM2YjJlNTkxMmJjMzdlYThjZmJlODJjNWE1ODQyYjqAAn1xAVUKdGVzdGNvb2tp\nZXECVQZ3b3JrZWRxA3Mu\n"}}, {"pk": "df6104ecd88519caa366857dc1ad80c8", "model": "sessions.session", "fields": {"expire_date": "2013-10-02T02:31:19.289", "session_data": "ZWNlMDcxNmU2YjM2YjJlNTkxMmJjMzdlYThjZmJlODJjNWE1ODQyYjqAAn1xAVUKdGVzdGNvb2tp\nZXECVQZ3b3JrZWRxA3Mu\n"}}, {"pk": "d0c34b7a9d146023a00be24c76ca8c1f", "model": "sessions.session", "fields": {"expire_date": "2013-10-02T02:50:27.540", "session_data": "YTQzMTc0ODdmODgzMjQ1OWZiNjgxOWY4NzRiNzJjNjRiNmQzMTUyZTqAAn1xAShVEl9hdXRoX3Vz\nZXJfYmFja2VuZHECVSlkamFuZ28uY29udHJpYi5hdXRoLmJhY2tlbmRzLk1vZGVsQmFja2VuZHED\nVQ1fYXV0aF91c2VyX2lkcQRLGnUu\n"}}, {"pk": "493cc3afb2a38832df86901d42f0dc31", "model": "sessions.session", "fields": {"expire_date": "2013-10-02T03:07:06.020", "session_data": "YTg2YjFlMmMyZGNmYTQ0NmZjMzQyM2VlMTUyOWRlMDFhMWNiMTNlZDqAAn1xAShVEl9hdXRoX3Vz\nZXJfYmFja2VuZHECVSlkamFuZ28uY29udHJpYi5hdXRoLmJhY2tlbmRzLk1vZGVsQmFja2VuZHED\nVQ1fYXV0aF91c2VyX2lkcQRLH3Uu\n"}}, {"pk": "f40fa7a82a1b17aab5a12b86730dce48", "model": "sessions.session", "fields": {"expire_date": "2013-10-02T03:13:03.034", "session_data": "NzNjYjMwZWVmMWUyM2NhNmU1YTAxOTgxZGIxY2U2N2QwNzEwNjVmZTqAAn1xAShVEl9hdXRoX3Vz\nZXJfYmFja2VuZHECVSlkamFuZ28uY29udHJpYi5hdXRoLmJhY2tlbmRzLk1vZGVsQmFja2VuZHED\nVQ1fYXV0aF91c2VyX2lkcQRLGHUu\n"}}, {"pk": "3baed240c726ca12b1e92b1cc9c95343", "model": "sessions.session", "fields": {"expire_date": "2013-10-02T05:14:15.450", "session_data": "ZWNlMDcxNmU2YjM2YjJlNTkxMmJjMzdlYThjZmJlODJjNWE1ODQyYjqAAn1xAVUKdGVzdGNvb2tp\nZXECVQZ3b3JrZWRxA3Mu\n"}}, {"pk": "ebf9b8a5cb66f9eb8f9a62da6350a5c4", "model": "sessions.session", "fields": {"expire_date": "2013-10-02T05:14:44.833", "session_data": "ZWNlMDcxNmU2YjM2YjJlNTkxMmJjMzdlYThjZmJlODJjNWE1ODQyYjqAAn1xAVUKdGVzdGNvb2tp\nZXECVQZ3b3JrZWRxA3Mu\n"}}, {"pk": "c6b1b3b888fdb5a64bb594afb33219bc", "model": "sessions.session", "fields": {"expire_date": "2013-10-02T08:58:43.773", "session_data": "ZWNlMDcxNmU2YjM2YjJlNTkxMmJjMzdlYThjZmJlODJjNWE1ODQyYjqAAn1xAVUKdGVzdGNvb2tp\nZXECVQZ3b3JrZWRxA3Mu\n"}}, {"pk": "27d540d6cbc5515028f88656d6e1bd91", "model": "sessions.session", "fields": {"expire_date": "2013-10-02T08:59:18.538", "session_data": "ZWNlMDcxNmU2YjM2YjJlNTkxMmJjMzdlYThjZmJlODJjNWE1ODQyYjqAAn1xAVUKdGVzdGNvb2tp\nZXECVQZ3b3JrZWRxA3Mu\n"}}, {"pk": "e4321bc7c787fe6bac189c7f6ef71a90", "model": "sessions.session", "fields": {"expire_date": "2013-10-02T08:59:40.535", "session_data": "ZWNlMDcxNmU2YjM2YjJlNTkxMmJjMzdlYThjZmJlODJjNWE1ODQyYjqAAn1xAVUKdGVzdGNvb2tp\nZXECVQZ3b3JrZWRxA3Mu\n"}}, {"pk": "99cd131780605f8ef54c9c4ff0b4b74d", "model": "sessions.session", "fields": {"expire_date": "2013-10-02T10:20:29.337", "session_data": "ZWNlMDcxNmU2YjM2YjJlNTkxMmJjMzdlYThjZmJlODJjNWE1ODQyYjqAAn1xAVUKdGVzdGNvb2tp\nZXECVQZ3b3JrZWRxA3Mu\n"}}, {"pk": "57f0bd18bad622906b6f157057fb99fa", "model": "sessions.session", "fields": {"expire_date": "2013-10-02T10:47:36.506", "session_data": "ZWNlMDcxNmU2YjM2YjJlNTkxMmJjMzdlYThjZmJlODJjNWE1ODQyYjqAAn1xAVUKdGVzdGNvb2tp\nZXECVQZ3b3JrZWRxA3Mu\n"}}, {"pk": "784fb29d641b6f838731b6f628f5456b", "model": "sessions.session", "fields": {"expire_date": "2013-10-02T11:07:27.317", "session_data": "ZWNlMDcxNmU2YjM2YjJlNTkxMmJjMzdlYThjZmJlODJjNWE1ODQyYjqAAn1xAVUKdGVzdGNvb2tp\nZXECVQZ3b3JrZWRxA3Mu\n"}}, {"pk": "bcf40eb7534846b06270b94653d29f77", "model": "sessions.session", "fields": {"expire_date": "2013-10-02T11:45:58.677", "session_data": "ZWNlMDcxNmU2YjM2YjJlNTkxMmJjMzdlYThjZmJlODJjNWE1ODQyYjqAAn1xAVUKdGVzdGNvb2tp\nZXECVQZ3b3JrZWRxA3Mu\n"}}, {"pk": "06581acb1fcbbb8e439fe03b244615be", "model": "sessions.session", "fields": {"expire_date": "2013-10-02T14:39:34.744", "session_data": "ZWNlMDcxNmU2YjM2YjJlNTkxMmJjMzdlYThjZmJlODJjNWE1ODQyYjqAAn1xAVUKdGVzdGNvb2tp\nZXECVQZ3b3JrZWRxA3Mu\n"}}, {"pk": "1dab7d2960cb4c152b83277b8e2b41a3", "model": "sessions.session", "fields": {"expire_date": "2013-10-02T16:04:39.547", "session_data": "MzA5ODE3NmU0YzNlMGM0YzAwNjQ3OTc5OTUzZGM0YjJhOWZjNWQwNTqAAn1xAShVEl9hdXRoX3Vz\nZXJfYmFja2VuZHECVSlkamFuZ28uY29udHJpYi5hdXRoLmJhY2tlbmRzLk1vZGVsQmFja2VuZHED\nVQ1fYXV0aF91c2VyX2lkcQRLAnUu\n"}}, {"pk": "1680c53b686da7a4411f09443c5d156d", "model": "sessions.session", "fields": {"expire_date": "2013-10-20T07:17:05.060", "session_data": "MzA5ODE3NmU0YzNlMGM0YzAwNjQ3OTc5OTUzZGM0YjJhOWZjNWQwNTqAAn1xAShVEl9hdXRoX3Vz\nZXJfYmFja2VuZHECVSlkamFuZ28uY29udHJpYi5hdXRoLmJhY2tlbmRzLk1vZGVsQmFja2VuZHED\nVQ1fYXV0aF91c2VyX2lkcQRLAnUu\n"}}, {"pk": "njzufqirmgzj16zb5m251jzovt23i42a", "model": "sessions.session", "fields": {"expire_date": "2013-11-09T02:11:18.510", "session_data": "MzA5ODE3NmU0YzNlMGM0YzAwNjQ3OTc5OTUzZGM0YjJhOWZjNWQwNTqAAn1xAShVEl9hdXRoX3VzZXJfYmFja2VuZHECVSlkamFuZ28uY29udHJpYi5hdXRoLmJhY2tlbmRzLk1vZGVsQmFja2VuZHEDVQ1fYXV0aF91c2VyX2lkcQRLAnUu"}}, {"pk": "acf96fa875f3c6d1fe3562bd2a12fbb6", "model": "sessions.session", "fields": {"expire_date": "2013-11-09T08:03:02.437", "session_data": "MzA5ODE3NmU0YzNlMGM0YzAwNjQ3OTc5OTUzZGM0YjJhOWZjNWQwNTqAAn1xAShVEl9hdXRoX3Vz\nZXJfYmFja2VuZHECVSlkamFuZ28uY29udHJpYi5hdXRoLmJhY2tlbmRzLk1vZGVsQmFja2VuZHED\nVQ1fYXV0aF91c2VyX2lkcQRLAnUu\n"}}, {"pk": "c623244af1e8548c325e97e3f3a44891", "model": "sessions.session", "fields": {"expire_date": "2013-11-09T15:14:24.386", "session_data": "MzA5ODE3NmU0YzNlMGM0YzAwNjQ3OTc5OTUzZGM0YjJhOWZjNWQwNTqAAn1xAShVEl9hdXRoX3Vz\nZXJfYmFja2VuZHECVSlkamFuZ28uY29udHJpYi5hdXRoLmJhY2tlbmRzLk1vZGVsQmFja2VuZHED\nVQ1fYXV0aF91c2VyX2lkcQRLAnUu\n"}}, {"pk": "a0ff5912f8b8029699a36424f62e0e69", "model": "sessions.session", "fields": {"expire_date": "2013-11-15T04:40:20.093", "session_data": "MmM0MWI0ZTFhNDE0YTYyYTQ2MThkZjVkMzg1YzNmMDBhYWMzMTE2ZjqAAn1xAVUKdGVzdGNvb2tp\nZVUGd29ya2VkcQJzLg==\n"}}, {"pk": "415426dd6c927ede567629c0f6365148", "model": "sessions.session", "fields": {"expire_date": "2013-12-14T02:09:19.005", "session_data": "MzA5ODE3NmU0YzNlMGM0YzAwNjQ3OTc5OTUzZGM0YjJhOWZjNWQwNTqAAn1xAShVEl9hdXRoX3Vz\nZXJfYmFja2VuZHECVSlkamFuZ28uY29udHJpYi5hdXRoLmJhY2tlbmRzLk1vZGVsQmFja2VuZHED\nVQ1fYXV0aF91c2VyX2lkcQRLAnUu\n"}}, {"pk": "80cf7737defc3073ebf4273be4d8e92b", "model": "sessions.session", "fields": {"expire_date": "2013-12-22T09:48:55.675", "session_data": "MzA5ODE3NmU0YzNlMGM0YzAwNjQ3OTc5OTUzZGM0YjJhOWZjNWQwNTqAAn1xAShVEl9hdXRoX3Vz\nZXJfYmFja2VuZHECVSlkamFuZ28uY29udHJpYi5hdXRoLmJhY2tlbmRzLk1vZGVsQmFja2VuZHED\nVQ1fYXV0aF91c2VyX2lkcQRLAnUu\n"}}, {"pk": "bf30b35c7bb8818c97a260eedd266e05", "model": "sessions.session", "fields": {"expire_date": "2014-03-23T17:27:43.115", "session_data": "MzA5ODE3NmU0YzNlMGM0YzAwNjQ3OTc5OTUzZGM0YjJhOWZjNWQwNTqAAn1xAShVEl9hdXRoX3Vz\nZXJfYmFja2VuZHECVSlkamFuZ28uY29udHJpYi5hdXRoLmJhY2tlbmRzLk1vZGVsQmFja2VuZHED\nVQ1fYXV0aF91c2VyX2lkcQRLAnUu\n"}}, {"pk": 1, "model": "sites.site", "fields": {"domain": "example.com", "name": "example.com"}}, {"pk": 1, "model": "south.migrationhistory", "fields": {"applied": "2013-09-16T10:18:39.660", "app_name": "people", "migration": "0001_initial"}}, {"pk": 1, "model": "people.project", "fields": {"url": "https://wouso.rosedu.org", "logo": "", "name": "WoUSO", "description": "World of USO"}}, {"pk": 2, "model": "people.project", "fields": {"url": "cdl.rosedu.org", "logo": "/home/people/rosedu-people/rppl/resources/upload/cdl.png", "name": "CDL", "description": "Community & Development Lab"}}, {"pk": 1, "model": "people.role", "fields": {"name": "Content Creator"}}, {"pk": 2, "model": "people.role", "fields": {"name": "Developer"}}, {"pk": 3, "model": "people.role", "fields": {"name": "Mentor"}}, {"pk": 4, "model": "people.role", "fields": {"name": "Student"}}, {"pk": 5, "model": "people.role", "fields": {"name": "Coordinator"}}, {"pk": 6, "model": "people.role", "fields": {"name": "Helper"}}, {"pk": 7, "model": "people.role", "fields": {"name": "Presenter"}}, {"pk": 19, "model": "auth.permission", "fields": {"codename": "add_logentry", "name": "Can add log entry", "content_type": 7}}, {"pk": 20, "model": "auth.permission", "fields": {"codename": "change_logentry", "name": "Can change log entry", "content_type": 7}}, {"pk": 21, "model": "auth.permission", "fields": {"codename": "delete_logentry", "name": "Can delete log entry", "content_type": 7}}, {"pk": 1, "model": "auth.permission", "fields": {"codename": "add_group", "name": "Can add group", "content_type": 2}}, {"pk": 4, "model": "auth.permission", "fields": {"codename": "change_group", "name": "Can change group", "content_type": 2}}, {"pk": 7, "model": "auth.permission", "fields": {"codename": "delete_group", "name": "Can delete group", "content_type": 2}}, {"pk": 2, "model": "auth.permission", "fields": {"codename": "add_permission", "name": "Can add permission", "content_type": 1}}, {"pk": 5, "model": "auth.permission", "fields": {"codename": "change_permission", "name": "Can change permission", "content_type": 1}}, {"pk": 8, "model": "auth.permission", "fields": {"codename": "delete_permission", "name": "Can delete permission", "content_type": 1}}, {"pk": 3, "model": "auth.permission", "fields": {"codename": "add_user", "name": "Can add user", "content_type": 3}}, {"pk": 6, "model": "auth.permission", "fields": {"codename": "change_user", "name": "Can change user", "content_type": 3}}, {"pk": 9, "model": "auth.permission", "fields": {"codename": "delete_user", "name": "Can delete user", "content_type": 3}}, {"pk": 10, "model": "auth.permission", "fields": {"codename": "add_contenttype", "name": "Can add content type", "content_type": 4}}, {"pk": 11, "model": "auth.permission", "fields": {"codename": "change_contenttype", "name": "Can change content type", "content_type": 4}}, {"pk": 12, "model": "auth.permission", "fields": {"codename": "delete_contenttype", "name": "Can delete content type", "content_type": 4}}, {"pk": 25, "model": "auth.permission", "fields": {"codename": "add_edition", "name": "Can add edition", "content_type": 13}}, {"pk": 32, "model": "auth.permission", "fields": {"codename": "change_edition", "name": "Can change edition", "content_type": 13}}, {"pk": 39, "model": "auth.permission", "fields": {"codename": "delete_edition", "name": "Can delete edition", "content_type": 13}}, {"pk": 26, "model": "auth.permission", "fields": {"codename": "add_link", "name": "Can add link", "content_type": 10}}, {"pk": 33, "model": "auth.permission", "fields": {"codename": "change_link", "name": "Can change link", "content_type": 10}}, {"pk": 40, "model": "auth.permission", "fields": {"codename": "delete_link", "name": "Can delete link", "content_type": 10}}, {"pk": 27, "model": "auth.permission", "fields": {"codename": "add_organization", "name": "Can add organization", "content_type": 11}}, {"pk": 34, "model": "auth.permission", "fields": {"codename": "change_organization", "name": "Can change organization", "content_type": 11}}, {"pk": 41, "model": "auth.permission", "fields": {"codename": "delete_organization", "name": "Can delete organization", "content_type": 11}}, {"pk": 28, "model": "auth.permission", "fields": {"codename": "add_person", "name": "Can add person", "content_type": 9}}, {"pk": 35, "model": "auth.permission", "fields": {"codename": "change_person", "name": "Can change person", "content_type": 9}}, {"pk": 42, "model": "auth.permission", "fields": {"codename": "delete_person", "name": "Can delete person", "content_type": 9}}, {"pk": 29, "model": "auth.permission", "fields": {"codename": "add_personrole", "name": "Can add person role", "content_type": 15}}, {"pk": 36, "model": "auth.permission", "fields": {"codename": "change_personrole", "name": "Can change person role", "content_type": 15}}, {"pk": 43, "model": "auth.permission", "fields": {"codename": "delete_personrole", "name": "Can delete person role", "content_type": 15}}, {"pk": 30, "model": "auth.permission", "fields": {"codename": "add_project", "name": "Can add project", "content_type": 12}}, {"pk": 37, "model": "auth.permission", "fields": {"codename": "change_project", "name": "Can change project", "content_type": 12}}, {"pk": 44, "model": "auth.permission", "fields": {"codename": "delete_project", "name": "Can delete project", "content_type": 12}}, {"pk": 31, "model": "auth.permission", "fields": {"codename": "add_role", "name": "Can add role", "content_type": 14}}, {"pk": 38, "model": "auth.permission", "fields": {"codename": "change_role", "name": "Can change role", "content_type": 14}}, {"pk": 45, "model": "auth.permission", "fields": {"codename": "delete_role", "name": "Can delete role", "content_type": 14}}, {"pk": 13, "model": "auth.permission", "fields": {"codename": "add_session", "name": "Can add session", "content_type": 5}}, {"pk": 14, "model": "auth.permission", "fields": {"codename": "change_session", "name": "Can change session", "content_type": 5}}, {"pk": 15, "model": "auth.permission", "fields": {"codename": "delete_session", "name": "Can delete session", "content_type": 5}}, {"pk": 16, "model": "auth.permission", "fields": {"codename": "add_site", "name": "Can add site", "content_type": 6}}, {"pk": 17, "model": "auth.permission", "fields": {"codename": "change_site", "name": "Can change site", "content_type": 6}}, {"pk": 18, "model": "auth.permission", "fields": {"codename": "delete_site", "name": "Can delete site", "content_type": 6}}, {"pk": 22, "model": "auth.permission", "fields": {"codename": "add_migrationhistory", "name": "Can add migration history", "content_type": 8}}, {"pk": 23, "model": "auth.permission", "fields": {"codename": "change_migrationhistory", "name": "Can change migration history", "content_type": 8}}, {"pk": 24, "model": "auth.permission", "fields": {"codename": "delete_migrationhistory", "name": "Can delete migration history", "content_type": 8}}, {"pk": 1, "model": "auth.user", "fields": {"username": "admin", "first_name": "", "last_name": "", "is_active": true, "is_superuser": true, "is_staff": true, "last_login": "2013-09-17T04:08:24.307", "groups": [], "user_permissions": [], "password": "pbkdf2_sha256$10000$eqGKy82KhY3m$lzZ3ukthvWfx/CWh41Zp7AtBu/UAoF8tHhLtxAXaKik=", "email": "marius.coto@rosedu.org", "date_joined": "2013-09-16T11:23:11.255"}}, {"pk": 2, "model": "auth.user", "fields": {"username": "mbivol", "first_name": "Mihai", "last_name": "Bivol", "is_active": true, "is_superuser": true, "is_staff": true, "last_login": "2014-03-09T17:27:43.095", "groups": [], "user_permissions": [], "password": "pbkdf2_sha256$10000$oV9HwJAG5L6Q$p1x3u+JEqCFo27FTbA+gj/y7boTZwAmkjuSWK0EwS8k=", "email": "mm.bivol@gmail.com", "date_joined": "2013-09-16T16:09:58"}}, {"pk": 3, "model": "auth.user", "fields": {"username": "iuliam", "first_name": "Iulia", "last_name": "Manda", "is_active": true, "is_superuser": true, "is_staff": true, "last_login": "2013-09-16T18:47:54.969", "groups": [], "user_permissions": [], "password": "pbkdf2_sha256$10000$d8uBg5MQ5ux5$Mz9Lm2LLC14/nG9rxrDMt3VG+/4aOg7+Yd4I34S8YLw=", "email": "iulia.manda21@gmail.com", "date_joined": "2013-09-16T18:25:22.086"}}, {"pk": 4, "model": "auth.user", "fields": {"username": "razvan", "first_name": "R\u0103zvan", "last_name": "Deaconescu", "is_active": true, "is_superuser": true, "is_staff": true, "last_login": "2013-09-17T02:17:08.778", "groups": [], "user_permissions": [], "password": "pbkdf2_sha256$10000$B1DTdnyHe9vc$U8tntSrnJuub6oyG2YLNhI1Wfx5YLCrXjXAeQjHhsZk=", "email": "razvan@rosedu.org", "date_joined": "2013-09-16T18:27:33.822"}}, {"pk": 5, "model": "auth.user", "fields": {"username": "alexj", "first_name": "Alexandru", "last_name": "Juncu", "is_active": true, "is_superuser": true, "is_staff": true, "last_login": "2013-09-17T02:54:12.178", "groups": [], "user_permissions": [], "password": "pbkdf2_sha256$10000$heY8GIQtiIkE$gVljQu/nNDu/bn2KuO1vZSspYUoGFRDiiy1kJYFClCA=", "email": "alexandrujuncu@gmail.com", "date_joined": "2013-09-16T18:27:34.090"}}, {"pk": 6, "model": "auth.user", "fields": {"username": "mihai", "first_name": "Mihai", "last_name": "Maruseac", "is_active": true, "is_superuser": true, "is_staff": true, "last_login": "2013-09-17T06:25:11.980", "groups": [], "user_permissions": [], "password": "pbkdf2_sha256$10000$Caw7c9uLqnQx$sMNG/Qeg8ajieC3CUz7cJre1WVa0fJau6Yf4LUQrrcM=", "email": "mihai.maruseac@gmail.com", "date_joined": "2013-09-16T18:27:34.288"}}, {"pk": 7, "model": "auth.user", "fields": {"username": "laura", "first_name": "Laura", "last_name": "Vasilescu", "is_active": true, "is_superuser": true, "is_staff": true, "last_login": "2013-09-17T03:36:01.616", "groups": [], "user_permissions": [], "password": "pbkdf2_sha256$10000$FJ9RRb5F4dfM$WjPRCcDPQYvWvRgvLomNIim7popIyVnI+jnk5W7Vq3g=", "email": "laura.vasilescu@rosedu.org", "date_joined": "2013-09-16T18:27:34.491"}}, {"pk": 8, "model": "auth.user", "fields": {"username": "alexef", "first_name": "Alex", "last_name": "Eftimie", "is_active": true, "is_superuser": true, "is_staff": true, "last_login": "2013-09-16T23:24:12.119", "groups": [], "user_permissions": [], "password": "pbkdf2_sha256$10000$0R6iXhjiFjsy$GKMTb5yRYsZzC4yPKTxCjvVL/BFU1rZj1+0BEjfnVzw=", "email": "alexeftimie@gmail.com", "date_joined": "2013-09-16T18:27:34.722"}}, {"pk": 9, "model": "auth.user", "fields": {"username": "martzy", "first_name": "Andrei", "last_name": "Maruseac", "is_active": true, "is_superuser": true, "is_staff": true, "last_login": "2013-09-17T07:34:13.155", "groups": [], "user_permissions": [], "password": "pbkdf2_sha256$10000$DzjG1PPqfxpU$kIRx1JHpDPt1gCWNCxfy0PFQjKvqUJnZyoJM69KqewA=", "email": "andrei.maruseac@rosedu.org", "date_joined": "2013-09-16T18:27:35.011"}}, {"pk": 10, "model": "auth.user", "fields": {"username": "gvoicu", "first_name": "Gabriel", "last_name": "Voicu", "is_active": true, "is_superuser": true, "is_staff": true, "last_login": "2013-09-17T04:45:11.093", "groups": [], "user_permissions": [], "password": "pbkdf2_sha256$10000$oTpOfDVKtr13$Q6/OuxDEisN9ZqYtG8nLOCvQ0vgZgz/WJchmSk0a2MQ=", "email": "gvoicu@rosedu.org", "date_joined": "2013-09-16T18:27:35"}}, {"pk": 11, "model": "auth.user", "fields": {"username": "mihneadb", "first_name": "Mihnea", "last_name": "Dobrescu-Balaur", "is_active": true, "is_superuser": true, "is_staff": true, "last_login": "2013-09-17T03:53:30.955", "groups": [], "user_permissions": [], "password": "pbkdf2_sha256$10000$lK2UR1ZgeTpR$S5ps5sB3eD28YcfDyfDlQleeCQCsL1LCBotSRbH75BU=", "email": "mihneadb@gmail.com", "date_joined": "2013-09-16T18:27:35.441"}}, {"pk": 12, "model": "auth.user", "fields": {"username": "anpetre", "first_name": "Andrei-Niculae", "last_name": "Petre", "is_active": true, "is_superuser": true, "is_staff": true, "last_login": "2013-09-16T21:53:31.139", "groups": [], "user_permissions": [], "password": "pbkdf2_sha256$10000$t6aNDEyVtHbL$PdVy61USejvYnlGxH/Ic77vTIakaFLWDrSwMvJw/9Hg=", "email": "p31andrei@gmail.com", "date_joined": "2013-09-16T18:27:35.657"}}, {"pk": 13, "model": "auth.user", "fields": {"username": "alexm", "first_name": "Alexandru", "last_name": "Morega", "is_active": true, "is_superuser": true, "is_staff": true, "last_login": "2013-09-16T18:27:35.849", "groups": [], "user_permissions": [], "password": "pbkdf2_sha256$10000$O4QeiyXMtSD7$+FBaHFIBoI650f9ecz7bRMHI0qA0yh2A+D/wU605cOo=", "email": "alex@grep.ro", "date_joined": "2013-09-16T18:27:35.849"}}, {"pk": 14, "model": "auth.user", "fields": {"username": "valentina", "first_name": "Valentina", "last_name": "Manea", "is_active": true, "is_superuser": true, "is_staff": true, "last_login": "2013-09-17T03:37:29.362", "groups": [], "user_permissions": [], "password": "pbkdf2_sha256$10000$pvF3e0QANfm5$wjJqn5JEzxEqaUiZdbcFMYm/gllqXz6cDrl3fWoqJ0E=", "email": "valentina.manea.m@gmail.com", "date_joined": "2013-09-16T18:27:36.030"}}, {"pk": 15, "model": "auth.user", "fields": {"username": "camelia", "first_name": "Camelia", "last_name": "Groza", "is_active": true, "is_superuser": true, "is_staff": true, "last_login": "2013-09-17T07:05:45.873", "groups": [], "user_permissions": [], "password": "pbkdf2_sha256$10000$m1keNUYsDEk6$ShCi+u4zpfGnnZMSWf+FnFBDy9zaNggQRFWhuypKvPg=", "email": "camelia.groza@gmail.com", "date_joined": "2013-09-16T18:27:36.231"}}, {"pk": 16, "model": "auth.user", "fields": {"username": "sorina", "first_name": "Sorina", "last_name": "Sandu", "is_active": true, "is_superuser": true, "is_staff": true, "last_login": "2013-09-17T10:10:11.204", "groups": [], "user_permissions": [], "password": "pbkdf2_sha256$10000$jutOzWnKXRJW$TS1MU7bKY5jx7u1VGQP0Du/75bdYNVdbOJ66Pd5PnUE=", "email": "sandu.sorina@gmail.com", "date_joined": "2013-09-16T18:27:36.415"}}, {"pk": 17, "model": "auth.user", "fields": {"username": "mariana", "first_name": "Mariana", "last_name": "M\u0103r\u0103\u0219oiu", "is_active": true, "is_superuser": true, "is_staff": true, "last_login": "2013-09-16T22:19:54.094", "groups": [], "user_permissions": [], "password": "pbkdf2_sha256$10000$FkBNOGo0YSq4$2EErg2NsyiV9G3Fq7/SlJrh/IWv1h8ruWXs4g2srlp4=", "email": "mariana.marasoiu@gmail.com", "date_joined": "2013-09-16T18:27:36.618"}}, {"pk": 18, "model": "auth.user", "fields": {"username": "aburghelea", "first_name": "Alexandru", "last_name": "Burghelea", "is_active": true, "is_superuser": true, "is_staff": true, "last_login": "2013-09-17T02:26:07.952", "groups": [], "user_permissions": [], "password": "pbkdf2_sha256$10000$aka4EuzK1ZOy$xJEc85K/J0IHEMXmWBwmH5aWcoVj1sDMnqoLIWQuYcA=", "email": "iceman.ftg@gmail.com", "date_joined": "2013-09-16T18:27:36.878"}}, {"pk": 19, "model": "auth.user", "fields": {"username": "razvanc", "first_name": "R\u0103zvan", "last_name": "Crainea", "is_active": true, "is_superuser": true, "is_staff": true, "last_login": "2013-09-17T04:06:10.197", "groups": [], "user_permissions": [], "password": "pbkdf2_sha256$10000$24VqqLaPAzcj$Rg9zrR7udK+lJCMrdOprej9ek69BKlsSv2UfeXumz3k=", "email": "razvan.crainea@gmail.com", "date_joined": "2013-09-16T18:27:37.066"}}, {"pk": 20, "model": "auth.user", "fields": {"username": "mtiriplica", "first_name": "Mihai", "last_name": "Tiriplic\u0103", "is_active": true, "is_superuser": true, "is_staff": true, "last_login": "2013-09-17T02:16:46.890", "groups": [], "user_permissions": [], "password": "pbkdf2_sha256$10000$c6yJw6zfqeWp$QiSioxjvxLHlT7rZC9Nmo2h3v57sZVrIfoWq0kNRNGg=", "email": "tiriplica.mihai@gmail.com", "date_joined": "2013-09-16T18:27:37.252"}}, {"pk": 21, "model": "auth.user", "fields": {"username": "tudalex", "first_name": "Alexandru", "last_name": "Tudoric\u0103", "is_active": true, "is_superuser": true, "is_staff": true, "last_login": "2013-09-17T00:02:48.592", "groups": [], "user_permissions": [], "password": "pbkdf2_sha256$10000$PzNKoQnoRmYt$SfXCfqf+dLjMTNyKbxk/LMxrFkOniiZ7Hd6bRI5/lzM=", "email": "tudalex@gmail.com", "date_joined": "2013-09-16T18:27:37.435"}}, {"pk": 22, "model": "auth.user", "fields": {"username": "marius.coto", "first_name": "Marius", "last_name": "Co\u021bofan\u0103", "is_active": true, "is_superuser": true, "is_staff": true, "last_login": "2013-09-16T18:27:37.623", "groups": [], "user_permissions": [], "password": "pbkdf2_sha256$10000$XylXdJwpMkzW$XReBmgdYlYlWEGQbjExXHXTC2j2gHtPNRfJNNmI5opA=", "email": "marius.coto@gmail.com", "date_joined": "2013-09-16T18:27:37.623"}}, {"pk": 23, "model": "auth.user", "fields": {"username": "fanton", "first_name": "Flavius", "last_name": "Anton", "is_active": true, "is_superuser": true, "is_staff": true, "last_login": "2013-09-17T02:46:18.202", "groups": [], "user_permissions": [], "password": "pbkdf2_sha256$10000$o7tclpc6cOUx$uwN30sjVLh6CshWKTN4hYyzNKPf6k5R25YGKroGYLs4=", "email": "f.v.anton@gmail.com", "date_joined": "2013-09-16T18:27:37.809"}}, {"pk": 24, "model": "auth.user", "fields": {"username": "ddvlad", "first_name": "Vlad", "last_name": "Dogaru", "is_active": true, "is_superuser": true, "is_staff": true, "last_login": "2013-09-18T03:13:03.025", "groups": [], "user_permissions": [], "password": "pbkdf2_sha256$10000$DjQSs6MeVNr0$NyiyXFaFWrbzAnfw9ieYS0mwpn08UjHh7c0IllHykog=", "email": "ddvlad@herebedragons.ro", "date_joined": "2013-09-17T15:44:25.721"}}, {"pk": 25, "model": "auth.user", "fields": {"username": "teo", "first_name": "Teodora", "last_name": "B\u0103lu\u021b\u0103", "is_active": true, "is_superuser": true, "is_staff": true, "last_login": "2013-09-17T16:01:55.761", "groups": [], "user_permissions": [], "password": "pbkdf2_sha256$10000$GAjeSlP85m29$aQg/1aTJDM3y1AVJGWjiw8QF3nd3VvA4RRXkBn3KtoI=", "email": "teobaluta@rosedu.org", "date_joined": "2013-09-17T15:44:26.051"}}, {"pk": 26, "model": "auth.user", "fields": {"username": "adrian.nitu", "first_name": "Adrian", "last_name": "Ni\u021bu", "is_active": true, "is_superuser": true, "is_staff": true, "last_login": "2013-09-18T02:50:27.531", "groups": [], "user_permissions": [], "password": "pbkdf2_sha256$10000$wEJVAEVxMXw5$gPA0j9rrAqOK1WRuJNF1GVhdii0tdY6njoyh5bxLpI8=", "email": "adrian.nitu.92@gmail.com", "date_joined": "2013-09-17T15:44:26.255"}}, {"pk": 27, "model": "auth.user", "fields": {"username": "dan.serban", "first_name": "Dan", "last_name": "\u0218erban", "is_active": true, "is_superuser": true, "is_staff": true, "last_login": "2013-09-17T15:47:59.595", "groups": [], "user_permissions": [], "password": "pbkdf2_sha256$10000$Cmu28JzGeSSG$n55PdE3yfZSjYNPidKQlcCxpqtlZ+fgg3sgN3SQOc8g=", "email": "dserban01@gmail.com", "date_joined": "2013-09-17T15:44:26.453"}}, {"pk": 28, "model": "auth.user", "fields": {"username": "taygun", "first_name": "Taygun", "last_name": "Agiali", "is_active": true, "is_superuser": true, "is_staff": true, "last_login": "2013-09-17T15:46:10.983", "groups": [], "user_permissions": [], "password": "pbkdf2_sha256$10000$742CkrzahWAn$U2eQSlwq3yogluMa26GUaYRLkft+2X/K1u1Yf99U/GQ=", "email": "taygunagiali@gmail.com", "date_joined": "2013-09-17T15:44:26.901"}}, {"pk": 29, "model": "auth.user", "fields": {"username": "nicu", "first_name": "Nicu", "last_name": "B\u0103descu", "is_active": true, "is_superuser": true, "is_staff": true, "last_login": "2013-09-17T15:44:27.092", "groups": [], "user_permissions": [], "password": "pbkdf2_sha256$10000$VglQWC3mSwP9$mZxNL3okOsfVCgaoWlEdVjnFLgAoErA89gQ5HO5Itas=", "email": "badescunicu@gmail.com", "date_joined": "2013-09-17T15:44:27.092"}}, {"pk": 30, "model": "auth.user", "fields": {"username": "matei.oprea", "first_name": "Matei", "last_name": "Oprea", "is_active": true, "is_superuser": true, "is_staff": true, "last_login": "2013-09-17T16:35:06.341", "groups": [], "user_permissions": [], "password": "pbkdf2_sha256$10000$VaZsjzx1NwfN$7QQX4WZpgNXyYXRUsGhlLzUjwk/Ew84FCsBqH56DrlY=", "email": "eu@opreamatei.ro", "date_joined": "2013-09-17T15:44:27.289"}}, {"pk": 31, "model": "auth.user", "fields": {"username": "andradaq", "first_name": "Andrada", "last_name": "Georgescu", "is_active": true, "is_superuser": true, "is_staff": true, "last_login": "2013-09-18T03:07:06.009", "groups": [], "user_permissions": [], "password": "pbkdf2_sha256$10000$dFYdqqCPJ44e$MOy/J1yc/iT+GzKZhBLckHqhpwn/wnAi1WJ3DpLi18s=", "email": "andradaq@rosedu.org", "date_joined": "2013-09-17T15:44:27.476"}}, {"pk": 32, "model": "auth.user", "fields": {"username": "godies", "first_name": "Vlad", "last_name": "Voicu", "is_active": true, "is_superuser": true, "is_staff": true, "last_login": "2013-09-17T16:05:29.778", "groups": [], "user_permissions": [], "password": "pbkdf2_sha256$10000$zajhXefDTkCC$4nNaXHEuz0OF8PfvalmHMYOnXutyUgFs/qeUk3mfBG4=", "email": "vladvoic@gmail.com", "date_joined": "2013-09-17T15:58:19.024"}}, {"pk": 33, "model": "auth.user", "fields": {"username": "people", "first_name": "People", "last_name": "People", "is_active": true, "is_superuser": true, "is_staff": true, "last_login": "2014-03-09T17:28:36", "groups": [], "user_permissions": [], "password": "pbkdf2_sha256$10000$oPR5KhNX9UBC$tWxOBI0MtmaRULkia3uNhGvZL8hSUHV90X0lFBlBLuo=", "email": "people@people.org", "date_joined": "2014-03-09T17:28:36"}}, {"pk": 45, "model": "admin.logentry", "fields": {"action_flag": 1, "action_time": "2014-03-09T17:28:58.801", "object_repr": "People People", "object_id": "33", "change_message": "", "user": 2, "content_type": 9}}, {"pk": 44, "model": "admin.logentry", "fields": {"action_flag": 2, "action_time": "2013-09-17T15:53:35.178", "object_repr": "CDL", "object_id": "2", "change_message": "Changed logo.", "user": 2, "content_type": 12}}, {"pk": 43, "model": "admin.logentry", "fields": {"action_flag": 2, "action_time": "2013-09-17T15:51:34.452", "object_repr": "CDL", "object_id": "2", "change_message": "Changed logo.", "user": 2, "content_type": 12}}, {"pk": 42, "model": "admin.logentry", "fields": {"action_flag": 2, "action_time": "2013-09-17T11:30:47.375", "object_repr": "2009", "object_id": "8", "change_message": "Added person role \"PersonRole object\".", "user": 1, "content_type": 13}}, {"pk": 41, "model": "admin.logentry", "fields": {"action_flag": 2, "action_time": "2013-09-17T06:55:01.840", "object_repr": "2011-spring", "object_id": "10", "change_message": "No fields changed.", "user": 7, "content_type": 13}}, {"pk": 40, "model": "admin.logentry", "fields": {"action_flag": 2, "action_time": "2013-09-17T06:54:57.736", "object_repr": "2011-spring", "object_id": "10", "change_message": "No fields changed.", "user": 7, "content_type": 13}}, {"pk": 39, "model": "admin.logentry", "fields": {"action_flag": 2, "action_time": "2013-09-17T06:54:30.015", "object_repr": "2011-spring", "object_id": "10", "change_message": "Added person role \"PersonRole object\".", "user": 7, "content_type": 13}}, {"pk": 38, "model": "admin.logentry", "fields": {"action_flag": 2, "action_time": "2013-09-17T06:53:23.701", "object_repr": "2011-spring", "object_id": "10", "change_message": "Added person role \"PersonRole object\". Added person role \"PersonRole object\". Added person role \"PersonRole object\". Added person role \"PersonRole object\". Added person role \"PersonRole object\". Added person role \"PersonRole object\". Added person role \"PersonRole object\".", "user": 7, "content_type": 13}}, {"pk": 37, "model": "admin.logentry", "fields": {"action_flag": 2, "action_time": "2013-09-17T06:50:12.082", "object_repr": "2010", "object_id": "9", "change_message": "Added person role \"PersonRole object\". Added person role \"PersonRole object\". Added person role \"PersonRole object\". Added person role \"PersonRole object\". Added person role \"PersonRole object\".", "user": 7, "content_type": 13}}, {"pk": 36, "model": "admin.logentry", "fields": {"action_flag": 1, "action_time": "2013-09-17T06:47:09.139", "object_repr": "Presenter", "object_id": "7", "change_message": "", "user": 7, "content_type": 14}}, {"pk": 35, "model": "admin.logentry", "fields": {"action_flag": 2, "action_time": "2013-09-17T06:46:41.471", "object_repr": "CDL", "object_id": "2", "change_message": "Changed name for edition \"2011-autumn\".", "user": 7, "content_type": 12}}, {"pk": 34, "model": "admin.logentry", "fields": {"action_flag": 1, "action_time": "2013-09-17T06:43:53.497", "object_repr": "CDL", "object_id": "2", "change_message": "", "user": 7, "content_type": 12}}, {"pk": 33, "model": "admin.logentry", "fields": {"action_flag": 2, "action_time": "2013-09-17T06:32:30.831", "object_repr": "2012 - 2013", "object_id": "6", "change_message": "Added person role \"PersonRole object\". Added person role \"PersonRole object\".", "user": 7, "content_type": 13}}, {"pk": 32, "model": "admin.logentry", "fields": {"action_flag": 2, "action_time": "2013-09-17T06:32:09.306", "object_repr": "2011 - 2012", "object_id": "5", "change_message": "Added person role \"PersonRole object\". Added person role \"PersonRole object\". Added person role \"PersonRole object\".", "user": 7, "content_type": 13}}, {"pk": 31, "model": "admin.logentry", "fields": {"action_flag": 2, "action_time": "2013-09-17T06:31:41.758", "object_repr": "2010 - 2011", "object_id": "4", "change_message": "Added person role \"PersonRole object\". Added person role \"PersonRole object\". Added person role \"PersonRole object\".", "user": 7, "content_type": 13}}, {"pk": 30, "model": "admin.logentry", "fields": {"action_flag": 2, "action_time": "2013-09-17T06:26:06.269", "object_repr": "2009 - 2010", "object_id": "3", "change_message": "Added person role \"PersonRole object\". Added person role \"PersonRole object\". Added person role \"PersonRole object\".", "user": 7, "content_type": 13}}, {"pk": 29, "model": "admin.logentry", "fields": {"action_flag": 2, "action_time": "2013-09-17T06:19:53.961", "object_repr": "2013 - 2014", "object_id": "7", "change_message": "Changed date_end.", "user": 7, "content_type": 13}}, {"pk": 28, "model": "admin.logentry", "fields": {"action_flag": 2, "action_time": "2013-09-17T06:17:17.388", "object_repr": "2013 - 2014", "object_id": "7", "change_message": "Changed name.", "user": 7, "content_type": 13}}, {"pk": 27, "model": "admin.logentry", "fields": {"action_flag": 2, "action_time": "2013-09-17T06:17:05.173", "object_repr": "2012 - 2013", "object_id": "6", "change_message": "No fields changed.", "user": 7, "content_type": 13}}, {"pk": 26, "model": "admin.logentry", "fields": {"action_flag": 2, "action_time": "2013-09-17T06:17:02.327", "object_repr": "2012 - 2013", "object_id": "6", "change_message": "Changed name and date_end.", "user": 7, "content_type": 13}}, {"pk": 25, "model": "admin.logentry", "fields": {"action_flag": 2, "action_time": "2013-09-17T06:16:50.458", "object_repr": "2011 - 2012", "object_id": "5", "change_message": "No fields changed.", "user": 7, "content_type": 13}}, {"pk": 24, "model": "admin.logentry", "fields": {"action_flag": 2, "action_time": "2013-09-17T06:16:48.186", "object_repr": "2011 - 2012", "object_id": "5", "change_message": "Changed name and date_end.", "user": 7, "content_type": 13}}, {"pk": 23, "model": "admin.logentry", "fields": {"action_flag": 2, "action_time": "2013-09-17T06:16:37.809", "object_repr": "2009 - 2010", "object_id": "3", "change_message": "Changed date_end.", "user": 7, "content_type": 13}}, {"pk": 22, "model": "admin.logentry", "fields": {"action_flag": 2, "action_time": "2013-09-17T06:16:27.319", "object_repr": "2010 - 2011", "object_id": "4", "change_message": "Changed name and date_end.", "user": 7, "content_type": 13}}, {"pk": 21, "model": "admin.logentry", "fields": {"action_flag": 2, "action_time": "2013-09-17T06:16:09.707", "object_repr": "2008 - 2009", "object_id": "2", "change_message": "Changed name and date_end.", "user": 7, "content_type": 13}}, {"pk": 20, "model": "admin.logentry", "fields": {"action_flag": 2, "action_time": "2013-09-17T06:15:34.539", "object_repr": "2007 - 2008", "object_id": "1", "change_message": "Changed name and date_end.", "user": 7, "content_type": 13}}, {"pk": 19, "model": "admin.logentry", "fields": {"action_flag": 2, "action_time": "2013-09-17T06:15:12.829", "object_repr": "2009 - 2010", "object_id": "3", "change_message": "Changed name.", "user": 7, "content_type": 13}}, {"pk": 18, "model": "admin.logentry", "fields": {"action_flag": 1, "action_time": "2013-09-17T06:13:11.018", "object_repr": "Helper", "object_id": "6", "change_message": "", "user": 7, "content_type": 14}}, {"pk": 17, "model": "admin.logentry", "fields": {"action_flag": 1, "action_time": "2013-09-17T06:12:54.568", "object_repr": "Coordinator", "object_id": "5", "change_message": "", "user": 7, "content_type": 14}}, {"pk": 16, "model": "admin.logentry", "fields": {"action_flag": 1, "action_time": "2013-09-17T06:12:29.487", "object_repr": "Student", "object_id": "4", "change_message": "", "user": 7, "content_type": 14}}, {"pk": 15, "model": "admin.logentry", "fields": {"action_flag": 1, "action_time": "2013-09-17T06:12:23.663", "object_repr": "Mentor", "object_id": "3", "change_message": "", "user": 7, "content_type": 14}}, {"pk": 14, "model": "admin.logentry", "fields": {"action_flag": 1, "action_time": "2013-09-17T06:12:18.558", "object_repr": "Developer", "object_id": "2", "change_message": "", "user": 7, "content_type": 14}}, {"pk": 13, "model": "admin.logentry", "fields": {"action_flag": 2, "action_time": "2013-09-17T06:12:09.947", "object_repr": "Content Creator", "object_id": "1", "change_message": "No fields changed.", "user": 7, "content_type": 14}}, {"pk": 12, "model": "admin.logentry", "fields": {"action_flag": 1, "action_time": "2013-09-17T06:12:01.238", "object_repr": "Content Creator", "object_id": "1", "change_message": "", "user": 7, "content_type": 14}}, {"pk": 11, "model": "admin.logentry", "fields": {"action_flag": 2, "action_time": "2013-09-17T06:04:32.861", "object_repr": "WoUSO", "object_id": "1", "change_message": "Changed name and url.", "user": 7, "content_type": 12}}, {"pk": 10, "model": "admin.logentry", "fields": {"action_flag": 3, "action_time": "2013-09-17T06:04:11.335", "object_repr": "WoUSO-content", "object_id": "2", "change_message": "", "user": 7, "content_type": 12}}, {"pk": 9, "model": "admin.logentry", "fields": {"action_flag": 1, "action_time": "2013-09-17T04:26:11.062", "object_repr": "WoUSO-content", "object_id": "2", "change_message": "", "user": 2, "content_type": 12}}, {"pk": 8, "model": "admin.logentry", "fields": {"action_flag": 2, "action_time": "2013-09-17T04:25:06.354", "object_repr": "mbivol", "object_id": "2", "change_message": "Changed password and is_superuser.", "user": 7, "content_type": 3}}, {"pk": 7, "model": "admin.logentry", "fields": {"action_flag": 2, "action_time": "2013-09-17T04:19:31.289", "object_repr": "WoUSO-dev", "object_id": "1", "change_message": "Changed url. Added edition \"2008\". Added edition \"2009\". Added edition \"2010\". Added edition \"2011\". Added edition \"2012\". Added edition \"2013\". Changed name, date_start and date_end for edition \"2007\".", "user": 7, "content_type": 12}}, {"pk": 6, "model": "admin.logentry", "fields": {"action_flag": 2, "action_time": "2013-09-17T04:13:13.239", "object_repr": "WoUSO-dev", "object_id": "1", "change_message": "Changed name.", "user": 7, "content_type": 12}}, {"pk": 5, "model": "admin.logentry", "fields": {"action_flag": 2, "action_time": "2013-09-17T04:10:34.465", "object_repr": "gvoicu", "object_id": "10", "change_message": "Changed password and email.", "user": 1, "content_type": 3}}, {"pk": 4, "model": "admin.logentry", "fields": {"action_flag": 2, "action_time": "2013-09-16T16:11:54.770", "object_repr": "mbivol", "object_id": "2", "change_message": "Changed password and is_active.", "user": 1, "content_type": 3}}, {"pk": 3, "model": "admin.logentry", "fields": {"action_flag": 1, "action_time": "2013-09-16T16:10:21.154", "object_repr": "Mihai Bivol", "object_id": "2", "change_message": "", "user": 1, "content_type": 9}}, {"pk": 2, "model": "admin.logentry", "fields": {"action_flag": 2, "action_time": "2013-09-16T12:05:00.282", "object_repr": "WoUSO", "object_id": "1", "change_message": "Added edition \"Django\".", "user": 1, "content_type": 12}}, {"pk": 1, "model": "admin.logentry", "fields": {"action_flag": 1, "action_time": "2013-09-16T12:04:40.049", "object_repr": "WoUSO", "object_id": "1", "change_message": "", "user": 1, "content_type": 12}}, {"pk": 2, "model": "people.person", "fields": {"user_permissions": [], "organisations": [], "description": "\u0218eful banilor", "groups": []}}, {"pk": 3, "model": "people.person", "fields": {"user_permissions": [], "organisations": [], "description": "", "groups": []}}, {"pk": 4, "model": "people.person", "fields": {"user_permissions": [], "organisations": [], "description": "", "groups": []}}, {"pk": 5, "model": "people.person", "fields": {"user_permissions": [], "organisations": [], "description": "", "groups": []}}, {"pk": 6, "model": "people.person", "fields": {"user_permissions": [], "organisations": [], "description": "", "groups": []}}, {"pk": 7, "model": "people.person", "fields": {"user_permissions": [], "organisations": [], "description": "", "groups": []}}, {"pk": 8, "model": "people.person", "fields": {"user_permissions": [], "organisations": [], "description": "", "groups": []}}, {"pk": 9, "model": "people.person", "fields": {"user_permissions": [], "organisations": [], "description": "", "groups": []}}, {"pk": 10, "model": "people.person", "fields": {"user_permissions": [], "organisations": [], "description": "", "groups": []}}, {"pk": 11, "model": "people.person", "fields": {"user_permissions": [], "organisations": [], "description": "", "groups": []}}, {"pk": 12, "model": "people.person", "fields": {"user_permissions": [], "organisations": [], "description": "", "groups": []}}, {"pk": 13, "model": "people.person", "fields": {"user_permissions": [], "organisations": [], "description": "", "groups": []}}, {"pk": 14, "model": "people.person", "fields": {"user_permissions": [], "organisations": [], "description": "<3", "groups": []}}, {"pk": 15, "model": "people.person", "fields": {"user_permissions": [], "organisations": [], "description": "", "groups": []}}, {"pk": 16, "model": "people.person", "fields": {"user_permissions": [], "organisations": [], "description": "", "groups": []}}, {"pk": 17, "model": "people.person", "fields": {"user_permissions": [], "organisations": [], "description": "", "groups": []}}, {"pk": 18, "model": "people.person", "fields": {"user_permissions": [], "organisations": [], "description": "", "groups": []}}, {"pk": 19, "model": "people.person", "fields": {"user_permissions": [], "organisations": [], "description": "", "groups": []}}, {"pk": 20, "model": "people.person", "fields": {"user_permissions": [], "organisations": [], "description": "", "groups": []}}, {"pk": 21, "model": "people.person", "fields": {"user_permissions": [], "organisations": [], "description": "", "groups": []}}, {"pk": 22, "model": "people.person", "fields": {"user_permissions": [], "organisations": [], "description": "", "groups": []}}, {"pk": 23, "model": "people.person", "fields": {"user_permissions": [], "organisations": [], "description": "", "groups": []}}, {"pk": 24, "model": "people.person", "fields": {"user_permissions": [], "organisations": [], "description": "Slobod la gur\u0103 \u0219i nedus la biseric\u0103.  Resident Debian, C, vim, bash, LaTeX and IRC troll.\r\n\r\nI also occasionally enjoy a touch of evil.", "groups": []}}, {"pk": 25, "model": "people.person", "fields": {"user_permissions": [], "organisations": [], "description": "", "groups": []}}, {"pk": 26, "model": "people.person", "fields": {"user_permissions": [], "organisations": [], "description": "", "groups": []}}, {"pk": 27, "model": "people.person", "fields": {"user_permissions": [], "organisations": [], "description": "", "groups": []}}, {"pk": 28, "model": "people.person", "fields": {"user_permissions": [], "organisations": [], "description": "", "groups": []}}, {"pk": 29, "model": "people.person", "fields": {"user_permissions": [], "organisations": [], "description": "", "groups": []}}, {"pk": 30, "model": "people.person", "fields": {"user_permissions": [], "organisations": [], "description": "", "groups": []}}, {"pk": 31, "model": "people.person", "fields": {"user_permissions": [], "organisations": [], "description": "", "groups": []}}, {"pk": 32, "model": "people.person", "fields": {"user_permissions": [], "organisations": [], "description": "", "groups": []}}, {"pk": 33, "model": "people.person", "fields": {"user_permissions": [], "organisations": [], "description": "", "groups": []}}, {"pk": 1, "model": "people.link", "fields": {"url": "https://www.facebook.com/mm.bivol", "person": 2}}, {"pk": 2, "model": "people.link", "fields": {"url": "https://plus.google.com/u/0/102414295336553974068/", "person": 2}}, {"pk": 3, "model": "people.link", "fields": {"url": "https://github.com/andreip", "person": 12}}, {"pk": 4, "model": "people.link", "fields": {"url": "https://plus.google.com/107222168245054308340", "person": 17}}, {"pk": 5, "model": "people.link", "fields": {"url": "https://www.facebook.com/mariana.marasoiu", "person": 17}}, {"pk": 6, "model": "people.link", "fields": {"url": "https://www.facebook.com/camelia.groza", "person": 15}}, {"pk": 7, "model": "people.link", "fields": {"url": "https://www.facebook.com/laura.vasilescu", "person": 7}}, {"pk": 8, "model": "people.link", "fields": {"url": "http://www.linkedin.com/in/lauravasilescu", "person": 7}}, {"pk": 9, "model": "people.link", "fields": {"url": "https://plus.google.com/103944178782863817827/posts", "person": 7}}, {"pk": 10, "model": "people.link", "fields": {"url": "http://alexandru.juncu.ro", "person": 5}}, {"pk": 11, "model": "people.link", "fields": {"url": "https://twitter.com/lauravasilescu", "person": 7}}, {"pk": 12, "model": "people.link", "fields": {"url": "http://www.linkedin.com/in/alexandrujuncu", "person": 5}}, {"pk": 13, "model": "people.link", "fields": {"url": "https://plus.google.com/100978348167963255226/posts", "person": 5}}, {"pk": 14, "model": "people.link", "fields": {"url": "https://github.com/lauravasilescu", "person": 7}}, {"pk": 15, "model": "people.link", "fields": {"url": "https://plus.google.com/102153389827520897378/posts", "person": 9}}, {"pk": 16, "model": "people.link", "fields": {"url": "https://www.facebook.com/andrei.maruseac", "person": 9}}, {"pk": 17, "model": "people.link", "fields": {"url": "http://www.linkedin.com/pub/andrei-maruseac/55/771/442", "person": 9}}, {"pk": 18, "model": "people.link", "fields": {"url": "https://github.com/martzy", "person": 9}}, {"pk": 19, "model": "people.link", "fields": {"url": "https://plus.google.com/u/1/111155652424450482872/", "person": 16}}, {"pk": 20, "model": "people.link", "fields": {"url": "ro.linkedin.com/pub/sorina-sandu/43/331/b1/", "person": 16}}, {"pk": 21, "model": "people.link", "fields": {"url": "https://www.facebook.com/andradaq", "person": 31}}, {"pk": 22, "model": "people.link", "fields": {"url": "http://www.linkedin.com/in/andradaq", "person": 31}}, {"pk": 23, "model": "people.link", "fields": {"url": "http://careers.stackoverflow.com/users/info/68600", "person": 24}}, {"pk": 24, "model": "people.link", "fields": {"url": "https://www.facebook.com/ddvlad", "person": 24}}, {"pk": 25, "model": "people.link", "fields": {"url": "http://stackoverflow.com/users/1155998/vlad-dogaru", "person": 24}}, {"pk": 26, "model": "people.link", "fields": {"url": "http://www.linkedin.com/profile/view?id=22560839&trk=nav_responsive_tab_profile", "person": 24}}, {"pk": 27, "model": "people.link", "fields": {"url": "https://github.com/mihaibivol", "person": 2}}, {"pk": 28, "model": "people.link", "fields": {"url": "http://www.facebook.com/adrian.nitu.92", "person": 26}}, {"pk": 29, "model": "people.link", "fields": {"url": "https://plus.google.com/111462540800089789906/posts", "person": 26}}, {"pk": 30, "model": "people.link", "fields": {"url": "ro.linkedin.com/pub/adrian-nitu/70/854/a6/", "person": 26}}, {"pk": 1, "model": "people.edition", "fields": {"project": 1, "picture": "", "date_end": "2008-09-30", "date_start": "2007-10-01", "name": "2007 - 2008"}}, {"pk": 2, "model": "people.edition", "fields": {"project": 1, "picture": "", "date_end": "2009-09-30", "date_start": "2008-10-01", "name": "2008 - 2009"}}, {"pk": 3, "model": "people.edition", "fields": {"project": 1, "picture": "", "date_end": "2010-09-30", "date_start": "2009-10-01", "name": "2009 - 2010"}}, {"pk": 4, "model": "people.edition", "fields": {"project": 1, "picture": "", "date_end": "2011-09-30", "date_start": "2010-10-01", "name": "2010 - 2011"}}, {"pk": 5, "model": "people.edition", "fields": {"project": 1, "picture": "", "date_end": "2012-09-30", "date_start": "2011-10-01", "name": "2011 - 2012"}}, {"pk": 6, "model": "people.edition", "fields": {"project": 1, "picture": "", "date_end": "2013-09-30", "date_start": "2012-10-01", "name": "2012 - 2013"}}, {"pk": 7, "model": "people.edition", "fields": {"project": 1, "picture": "", "date_end": "2014-09-30", "date_start": "2013-10-01", "name": "2013 - 2014"}}, {"pk": 8, "model": "people.edition", "fields": {"project": 2, "picture": "", "date_end": "2009-05-30", "date_start": "2009-02-15", "name": "2009"}}, {"pk": 9, "model": "people.edition", "fields": {"project": 2, "picture": "", "date_end": "2010-05-30", "date_start": "2010-02-15", "name": "2010"}}, {"pk": 10, "model": "people.edition", "fields": {"project": 2, "picture": "", "date_end": "2011-05-30", "date_start": "2011-02-15", "name": "2011-spring"}}, {"pk": 11, "model": "people.edition", "fields": {"project": 2, "picture": "", "date_end": "2011-12-15", "date_start": "2011-10-01", "name": "2011-autumn"}}, {"pk": 12, "model": "people.edition", "fields": {"project": 2, "picture": "", "date_end": "2012-05-30", "date_start": "2012-02-15", "name": "2012"}}, {"pk": 13, "model": "people.edition", "fields": {"project": 2, "picture": "", "date_end": "2013-05-30", "date_start": "2013-02-15", "name": "2013"}}, {"pk": 14, "model": "people.edition", "fields": {"project": 2, "picture": "", "date_end": "2013-12-15", "date_start": "2013-10-01", "name": "2013-unibuc"}}, {"pk": 1, "model": "people.personrole", "fields": {"person": 7, "role": 1, "timestamp": "2013-09-17T06:24:08", "edition": 3}}, {"pk": 2, "model": "people.personrole", "fields": {"person": 4, "role": 1, "timestamp": "2013-09-17T06:24:08", "edition": 3}}, {"pk": 3, "model": "people.personrole", "fields": {"person": 6, "role": 1, "timestamp": "2013-09-17T06:24:08", "edition": 3}}, {"pk": 4, "model": "people.personrole", "fields": {"person": 7, "role": 1, "timestamp": "2013-09-17T06:30:46", "edition": 4}}, {"pk": 5, "model": "people.personrole", "fields": {"person": 4, "role": 1, "timestamp": "2013-09-17T06:30:46", "edition": 4}}, {"pk": 6, "model": "people.personrole", "fields": {"person": 6, "role": 1, "timestamp": "2013-09-17T06:30:46", "edition": 4}}, {"pk": 7, "model": "people.personrole", "fields": {"person": 7, "role": 1, "timestamp": "2013-09-17T06:31:45", "edition": 5}}, {"pk": 8, "model": "people.personrole", "fields": {"person": 4, "role": 1, "timestamp": "2013-09-17T06:31:45", "edition": 5}}, {"pk": 9, "model": "people.personrole", "fields": {"person": 6, "role": 1, "timestamp": "2013-09-17T06:31:45", "edition": 5}}, {"pk": 10, "model": "people.personrole", "fields": {"person": 7, "role": 1, "timestamp": "2013-09-17T06:32:11", "edition": 6}}, {"pk": 11, "model": "people.personrole", "fields": {"person": 4, "role": 1, "timestamp": "2013-09-17T06:32:11", "edition": 6}}, {"pk": 12, "model": "people.personrole", "fields": {"person": 7, "role": 5, "timestamp": "2013-09-17T06:47:30", "edition": 9}}, {"pk": 13, "model": "people.personrole", "fields": {"person": 10, "role": 4, "timestamp": "2013-09-17T06:47:30", "edition": 9}}, {"pk": 14, "model": "people.personrole", "fields": {"person": 18, "role": 4, "timestamp": "2013-09-17T06:47:30", "edition": 9}}, {"pk": 15, "model": "people.personrole", "fields": {"person": 8, "role": 3, "timestamp": "2013-09-17T06:47:30", "edition": 9}}, {"pk": 16, "model": "people.personrole", "fields": {"person": 6, "role": 3, "timestamp": "2013-09-17T06:47:30", "edition": 9}}, {"pk": 17, "model": "people.personrole", "fields": {"person": 7, "role": 5, "timestamp": "2013-09-17T06:50:52", "edition": 10}}, {"pk": 18, "model": "people.personrole", "fields": {"person": 8, "role": 3, "timestamp": "2013-09-17T06:50:52", "edition": 10}}, {"pk": 19, "model": "people.personrole", "fields": {"person": 10, "role": 3, "timestamp": "2013-09-17T06:50:52", "edition": 10}}, {"pk": 20, "model": "people.personrole", "fields": {"person": 21, "role": 4, "timestamp": "2013-09-17T06:50:52", "edition": 10}}, {"pk": 21, "model": "people.personrole", "fields": {"person": 2, "role": 4, "timestamp": "2013-09-17T06:50:52", "edition": 10}}, {"pk": 22, "model": "people.personrole", "fields": {"person": 11, "role": 4, "timestamp": "2013-09-17T06:50:52", "edition": 10}}, {"pk": 23, "model": "people.personrole", "fields": {"person": 12, "role": 4, "timestamp": "2013-09-17T06:50:52", "edition": 10}}, {"pk": 24, "model": "people.personrole", "fields": {"person": 4, "role": 7, "timestamp": "2013-09-17T06:53:24", "edition": 10}}, {"pk": 25, "model": "people.personrole", "fields": {"person": 9, "role": 4, "timestamp": "2013-09-17T08:02:53.409", "edition": 2}}, {"pk": 26, "model": "people.personrole", "fields": {"person": 9, "role": 1, "timestamp": "2013-09-17T08:02:53.417", "edition": 3}}, {"pk": 27, "model": "people.personrole", "fields": {"person": 9, "role": 6, "timestamp": "2013-09-17T08:02:53.433", "edition": 10}}, {"pk": 28, "model": "people.personrole", "fields": {"person": 9, "role": 6, "timestamp": "2013-09-17T08:02:53.441", "edition": 9}}, {"pk": 29, "model": "people.personrole", "fields": {"person": 9, "role": 4, "timestamp": "2013-09-17T08:02:53.448", "edition": 8}}, {"pk": 30, "model": "people.personrole", "fields": {"person": 16, "role": 4, "timestamp": "2013-09-17T09:51:57.250", "edition": 11}}, {"pk": 31, "model": "people.personrole", "fields": {"person": 8, "role": 5, "timestamp": "2013-09-17T11:30:24", "edition": 8}}, {"pk": 32, "model": "people.personrole", "fields": {"person": 2, "role": 3, "timestamp": "2013-09-17T15:48:05.928", "edition": 11}}, {"pk": 33, "model": "people.personrole", "fields": {"person": 31, "role": 1, "timestamp": "2013-09-17T15:51:19.534", "edition": 3}}, {"pk": 34, "model": "people.personrole", "fields": {"person": 31, "role": 1, "timestamp": "2013-09-17T15:51:47.636", "edition": 4}}, {"pk": 35, "model": "people.personrole", "fields": {"person": 31, "role": 6, "timestamp": "2013-09-17T15:53:04.568", "edition": 9}}, {"pk": 36, "model": "people.personrole", "fields": {"person": 31, "role": 6, "timestamp": "2013-09-17T15:53:52.320", "edition": 10}}, {"pk": 37, "model": "people.personrole", "fields": {"person": 25, "role": 5, "timestamp": "2013-09-17T15:56:38.751", "edition": 13}}, {"pk": 38, "model": "people.personrole", "fields": {"person": 24, "role": 2, "timestamp": "2013-09-17T16:24:54.740", "edition": 1}}, {"pk": 39, "model": "people.personrole", "fields": {"person": 24, "role": 7, "timestamp": "2013-09-17T16:24:54.753", "edition": 8}}, {"pk": 40, "model": "people.personrole", "fields": {"person": 2, "role": 5, "timestamp": "2013-10-06T07:17:37.732", "edition": 7}}]